Summary,Issue key,Issue id,Issue Type,Status,Project key,Project name,Project type,Project lead,Project lead id,Project description,Priority,Resolution,Assignee,Assignee Id,Reporter,Reporter Id,Creator,Creator Id,Created,Updated,Last Viewed,Resolved,Due date,Votes,Description,Environment,Watchers,Watchers Id,Original estimate,Remaining Estimate,Time Spent,Work Ratio,Σ Original Estimate,Σ Remaining Estimate,Σ Time Spent,Security Level,Custom field (Development),Custom field (Goals),Custom field (Issue color),Custom field (Rank),Sprint,Custom field (Start date),Custom field (Story point estimate),Team Id,Team Name,Custom field (Vulnerability),Parent,Parent key,Parent summary,Status Category,Status Category Changed
Implementar canal de sugerencias sobre perfiles de accesibilidad,IN-154,10358,Story,Backlog,IN,Proyecto InclusiON,software,Mirko Ivo Wlk,5f5ac84710d187006f3f2792,,Medium,,Mirko Ivo Wlk,5f5ac84710d187006f3f2792,Sacha Del Barrio,712020:7c75e354-30b3-44b2-8e1e-0cd0516541b1,Sacha Del Barrio,712020:7c75e354-30b3-44b2-8e1e-0cd0516541b1,03/Apr/26 2:47 PM,06/Apr/26 12:52 AM,06/Apr/26 2:50 AM,,,0,"Quiero que en el perfil de profesional tenga un acceso, a una opcion para agregar  una sugerencia sobre perfiles de accesibilidad, que el administrador va a gestionar esas sugerencias para darlas de alta o descartarlas ",,,,,,,,,,,,,,,0|i000x2:,Tablero Sprint N (En Curso),,,,,,,,,To Do,03/Apr/26 2:47 PM
Implementar panel de visualización de progreso y reportes para el rol Tutor,IN-153,10325,Story,Backlog,IN,Proyecto InclusiON,software,Mirko Ivo Wlk,5f5ac84710d187006f3f2792,,Medium,,Mirko Ivo Wlk,5f5ac84710d187006f3f2792,Sacha Del Barrio,712020:7c75e354-30b3-44b2-8e1e-0cd0516541b1,Sacha Del Barrio,712020:7c75e354-30b3-44b2-8e1e-0cd0516541b1,01/Apr/26 7:34 PM,06/Apr/26 12:46 AM,06/Apr/26 12:46 AM,,,0,"* *Como* Tutor (_Guardian_ o Responsable),
* *Quiero* acceder a un panel donde pueda visualizar el progreso y los reportes de actividades del paciente a mi cargo,
* *Para* hacer un seguimiento continuo de su evolución y acompañar su desarrollo de manera informada.",,,,,,,,,,,,,,,0|i000x7:,,,,,,,,,,To Do,01/Apr/26 7:34 PM
sprint y cuestionario,IN-152,10324,Story,To Do,IN,Proyecto InclusiON,software,Mirko Ivo Wlk,5f5ac84710d187006f3f2792,,Medium,,Sacha Del Barrio,712020:7c75e354-30b3-44b2-8e1e-0cd0516541b1,Sacha Del Barrio,712020:7c75e354-30b3-44b2-8e1e-0cd0516541b1,Sacha Del Barrio,712020:7c75e354-30b3-44b2-8e1e-0cd0516541b1,01/Apr/26 7:22 PM,05/Apr/26 9:20 PM,,,,0,"armar un cuestionario para insititucion y familia.
armar los sprint en las carpetas",,,,,,,,,,,,,,,0|i000xb:,Tablero Sprint N (En Curso),,,,,,,,,To Do,01/Apr/26 7:22 PM
Tratar con Mauricio los requerimientos,IN-151,10323,Story,To Do,IN,Proyecto InclusiON,software,Mirko Ivo Wlk,5f5ac84710d187006f3f2792,,Medium,,Sacha Del Barrio,712020:7c75e354-30b3-44b2-8e1e-0cd0516541b1,Sacha Del Barrio,712020:7c75e354-30b3-44b2-8e1e-0cd0516541b1,Sacha Del Barrio,712020:7c75e354-30b3-44b2-8e1e-0cd0516541b1,01/Apr/26 7:20 PM,05/Apr/26 9:20 PM,04/Apr/26 5:06 PM,,,0,"tocar temas como alcanses, requerimientos y relevamientos ",,,,,,,,,,,,,,,0|i000x1:,Tablero Sprint N (En Curso),,,,,,,,,To Do,01/Apr/26 7:20 PM
Implementar flujo de selección institucional y validación por Administrador,IN-150,10290,Story,For Review,IN,Proyecto InclusiON,software,Mirko Ivo Wlk,5f5ac84710d187006f3f2792,,Medium,,Mirko Ivo Wlk,5f5ac84710d187006f3f2792,Sacha Del Barrio,712020:7c75e354-30b3-44b2-8e1e-0cd0516541b1,Sacha Del Barrio,712020:7c75e354-30b3-44b2-8e1e-0cd0516541b1,31/Mar/26 2:04 PM,04/Apr/26 3:44 PM,06/Apr/26 12:44 AM,,,0,"* *Como* Profesional,
* *Quiero* seleccionar la institución a la que pertenezco durante mi registro,
* *Para* que los responsables de dicha entidad puedan verificar mi identidad y otorgarme el alta definitiva.
* *Como* Administrador de Institución,
* *Quiero* visualizar una lista de solicitudes de registro *Pending* (pendientes),
* *Para* validar los datos del profesional y activar su acceso al sistema o rechazar la solicitud si los datos son incorrectos.",,,,,,,,,,,,,,,0|i000xj:,Tablero Sprint N (En Curso),,,7ad14c0b-777d-4448-bc69-53c5e2cc4aad,Tesis,,,,,In Progress,31/Mar/26 2:11 PM
Implementar flujo de auto-registro (Sign-up) para el rol Profesional,IN-149,10289,Story,For Review,IN,Proyecto InclusiON,software,Mirko Ivo Wlk,5f5ac84710d187006f3f2792,,Medium,,Mirko Ivo Wlk,5f5ac84710d187006f3f2792,Sacha Del Barrio,712020:7c75e354-30b3-44b2-8e1e-0cd0516541b1,Sacha Del Barrio,712020:7c75e354-30b3-44b2-8e1e-0cd0516541b1,31/Mar/26 2:02 PM,04/Apr/26 3:44 PM,06/Apr/26 12:44 AM,,,0,"*como* Profesional, *Quiero* poder registrarme en la plataforma creando mis propias credenciales de acceso",,,,,,,,,,,,,,,0|i000wz:,Tablero Sprint N (En Curso),,,,,,,,,In Progress,03/Apr/26 1:48 AM
Implementar permiso de agrupación del núcleo familiar para el rol Profesional,IN-148,10288,Story,For Review,IN,Proyecto InclusiON,software,Mirko Ivo Wlk,5f5ac84710d187006f3f2792,,Medium,,Mirko Ivo Wlk,5f5ac84710d187006f3f2792,Sacha Del Barrio,712020:7c75e354-30b3-44b2-8e1e-0cd0516541b1,Sacha Del Barrio,712020:7c75e354-30b3-44b2-8e1e-0cd0516541b1,31/Mar/26 1:57 PM,05/Apr/26 5:32 AM,04/Apr/26 5:06 PM,,,0,*como Profecional Quiero* tener los permisos necesarios para vincular y agrupar los perfiles de los familiares de un paciente,,,,,,,,,,,,,,,0|i000x3:,Tablero Sprint N (En Curso),,,,,,,,,In Progress,05/Apr/26 5:32 AM
Migrar .net 8 a .net 10,IN-147,10255,Task,For Review,IN,Proyecto InclusiON,software,Mirko Ivo Wlk,5f5ac84710d187006f3f2792,,Medium,,Mirko Ivo Wlk,5f5ac84710d187006f3f2792,Mirko Ivo Wlk,5f5ac84710d187006f3f2792,Mirko Ivo Wlk,5f5ac84710d187006f3f2792,30/Mar/26 10:08 AM,05/Apr/26 9:20 PM,06/Apr/26 12:42 AM,,,0,,,Mirko Ivo Wlk,5f5ac84710d187006f3f2792,,,,,,,,,,,,0|i000wv:,Tablero Sprint N (En Curso),,,,,,,,,In Progress,03/Apr/26 1:48 AM
Notificaciones automaticas de eventos del sistema,IN-145,10189,Story,Backlog,IN,Proyecto InclusiON,software,Mirko Ivo Wlk,5f5ac84710d187006f3f2792,,Medium,,,,Mirko Ivo Wlk,5f5ac84710d187006f3f2792,Mirko Ivo Wlk,5f5ac84710d187006f3f2792,26/Mar/26 2:08 AM,26/Mar/26 2:08 AM,27/Mar/26 9:04 PM,,,0,Mensajeria y Portal Familiar,,Mirko Ivo Wlk,5f5ac84710d187006f3f2792,,,,,,,,,,,,0|i000wn:,,,,,,,,,,To Do,26/Mar/26 2:08 AM
Marcado automatico como leido al abrir,IN-144,10188,Story,Backlog,IN,Proyecto InclusiON,software,Mirko Ivo Wlk,5f5ac84710d187006f3f2792,,Medium,,,,Mirko Ivo Wlk,5f5ac84710d187006f3f2792,Mirko Ivo Wlk,5f5ac84710d187006f3f2792,26/Mar/26 2:08 AM,26/Mar/26 2:08 AM,27/Mar/26 9:04 PM,,,0,Mensajeria y Portal Familiar,,Mirko Ivo Wlk,5f5ac84710d187006f3f2792,,,,,,,,,,,,0|i000wf:,,,,,,,,,,To Do,26/Mar/26 2:08 AM
Indicador de mensajes no leidos en sidebar,IN-143,10187,Story,Backlog,IN,Proyecto InclusiON,software,Mirko Ivo Wlk,5f5ac84710d187006f3f2792,,Medium,,,,Mirko Ivo Wlk,5f5ac84710d187006f3f2792,Mirko Ivo Wlk,5f5ac84710d187006f3f2792,26/Mar/26 2:08 AM,26/Mar/26 2:08 AM,27/Mar/26 9:04 PM,,,0,Mensajeria y Portal Familiar,,Mirko Ivo Wlk,5f5ac84710d187006f3f2792,,,,,,,,,,,,0|i000w7:,,,,,,,,,,To Do,26/Mar/26 2:08 AM
Hilos de conversacion (respuestas),IN-142,10186,Story,Backlog,IN,Proyecto InclusiON,software,Mirko Ivo Wlk,5f5ac84710d187006f3f2792,,Medium,,,,Mirko Ivo Wlk,5f5ac84710d187006f3f2792,Mirko Ivo Wlk,5f5ac84710d187006f3f2792,26/Mar/26 2:08 AM,26/Mar/26 2:08 AM,,,,0,Mensajeria y Portal Familiar,,Mirko Ivo Wlk,5f5ac84710d187006f3f2792,,,,,,,,,,,,0|i000vz:,,,,,,,,,,To Do,26/Mar/26 2:08 AM
Envio de mensajes con asunto y contenido,IN-141,10185,Story,Backlog,IN,Proyecto InclusiON,software,Mirko Ivo Wlk,5f5ac84710d187006f3f2792,,Medium,,,,Mirko Ivo Wlk,5f5ac84710d187006f3f2792,Mirko Ivo Wlk,5f5ac84710d187006f3f2792,26/Mar/26 2:08 AM,26/Mar/26 2:08 AM,,,,0,Mensajeria y Portal Familiar,,Mirko Ivo Wlk,5f5ac84710d187006f3f2792,,,,,,,,,,,,0|i000vr:,,,,,,,,,,To Do,26/Mar/26 2:08 AM
Bandeja de entrada de mensajes,IN-140,10184,Story,Backlog,IN,Proyecto InclusiON,software,Mirko Ivo Wlk,5f5ac84710d187006f3f2792,,Medium,,,,Mirko Ivo Wlk,5f5ac84710d187006f3f2792,Mirko Ivo Wlk,5f5ac84710d187006f3f2792,26/Mar/26 2:08 AM,26/Mar/26 2:08 AM,,,,0,Mensajeria y Portal Familiar,,Mirko Ivo Wlk,5f5ac84710d187006f3f2792,,,,,,,,,,,,0|i000vj:,,,,,,,,,,To Do,26/Mar/26 2:08 AM
Exportacion de reporte a PDF,IN-139,10183,Story,Backlog,IN,Proyecto InclusiON,software,Mirko Ivo Wlk,5f5ac84710d187006f3f2792,,Medium,,,,Mirko Ivo Wlk,5f5ac84710d187006f3f2792,Mirko Ivo Wlk,5f5ac84710d187006f3f2792,26/Mar/26 2:08 AM,26/Mar/26 2:08 AM,,,,0,Motor Adaptativo (MDA) y Reportes,,Mirko Ivo Wlk,5f5ac84710d187006f3f2792,,,,,,,,,,,,0|i000vb:,,,,,,,,,,To Do,26/Mar/26 2:08 AM
Consulta de reportes por familia,IN-138,10182,Story,Backlog,IN,Proyecto InclusiON,software,Mirko Ivo Wlk,5f5ac84710d187006f3f2792,,Medium,,,,Mirko Ivo Wlk,5f5ac84710d187006f3f2792,Mirko Ivo Wlk,5f5ac84710d187006f3f2792,26/Mar/26 2:08 AM,26/Mar/26 2:08 AM,,,,0,Motor Adaptativo (MDA) y Reportes,,Mirko Ivo Wlk,5f5ac84710d187006f3f2792,,,,,,,,,,,,0|i000v3:,,,,,,,,,,To Do,26/Mar/26 2:08 AM
Consulta de reportes por profesional,IN-137,10181,Task,For Review,IN,Proyecto InclusiON,software,Mirko Ivo Wlk,5f5ac84710d187006f3f2792,,Medium,,Fernando Aparicio,712020:928ce4a6-7177-46b7-b0cf-1a43fac7c8f7,Mirko Ivo Wlk,5f5ac84710d187006f3f2792,Mirko Ivo Wlk,5f5ac84710d187006f3f2792,26/Mar/26 2:08 AM,06/Apr/26 1:02 AM,06/Apr/26 1:02 AM,,,0,Motor Adaptativo (MDA) y Reportes,,Mirko Ivo Wlk,5f5ac84710d187006f3f2792,,,,,,,,,,,,0|i000uv:,Tablero Sprint N (En Curso),,,,,,,,,In Progress,06/Apr/26 12:54 AM
"Creacion de reporte de progreso (tipo, periodo, contenido)",IN-136,10180,Story,Backlog,IN,Proyecto InclusiON,software,Mirko Ivo Wlk,5f5ac84710d187006f3f2792,,Medium,,,,Mirko Ivo Wlk,5f5ac84710d187006f3f2792,Mirko Ivo Wlk,5f5ac84710d187006f3f2792,26/Mar/26 2:08 AM,26/Mar/26 2:08 AM,,,,0,Motor Adaptativo (MDA) y Reportes,,Mirko Ivo Wlk,5f5ac84710d187006f3f2792,,,,,,,,,,,,0|i000un:,,,,,,,,,,To Do,26/Mar/26 2:08 AM
Busqueda semantica de actividades por lenguaje natural,IN-135,10179,Story,Backlog,IN,Proyecto InclusiON,software,Mirko Ivo Wlk,5f5ac84710d187006f3f2792,,Medium,,,,Mirko Ivo Wlk,5f5ac84710d187006f3f2792,Mirko Ivo Wlk,5f5ac84710d187006f3f2792,26/Mar/26 2:08 AM,26/Mar/26 2:08 AM,,,,0,Motor Adaptativo (MDA) y Reportes,,Mirko Ivo Wlk,5f5ac84710d187006f3f2792,,,,,,,,,,,,0|i000uf:,,,,,,,,,,To Do,26/Mar/26 2:08 AM
Consulta del historial de ajustes (timeline),IN-134,10178,Story,Backlog,IN,Proyecto InclusiON,software,Mirko Ivo Wlk,5f5ac84710d187006f3f2792,,Medium,,,,Mirko Ivo Wlk,5f5ac84710d187006f3f2792,Mirko Ivo Wlk,5f5ac84710d187006f3f2792,26/Mar/26 2:08 AM,26/Mar/26 2:08 AM,,,,0,Motor Adaptativo (MDA) y Reportes,,Mirko Ivo Wlk,5f5ac84710d187006f3f2792,,,,,,,,,,,,0|i000u7:,,,,,,,,,,To Do,26/Mar/26 2:08 AM
Alerta al profesional en estado de frustracion,IN-133,10177,Story,Backlog,IN,Proyecto InclusiON,software,Mirko Ivo Wlk,5f5ac84710d187006f3f2792,,Medium,,,,Mirko Ivo Wlk,5f5ac84710d187006f3f2792,Mirko Ivo Wlk,5f5ac84710d187006f3f2792,26/Mar/26 2:08 AM,26/Mar/26 2:08 AM,,,,0,Motor Adaptativo (MDA) y Reportes,,Mirko Ivo Wlk,5f5ac84710d187006f3f2792,,,,,,,,,,,,0|i000tz:,,,,,,,,,,To Do,26/Mar/26 2:08 AM
Registro de cada ajuste en historial de auditoria,IN-132,10176,Story,Backlog,IN,Proyecto InclusiON,software,Mirko Ivo Wlk,5f5ac84710d187006f3f2792,,Medium,,,,Mirko Ivo Wlk,5f5ac84710d187006f3f2792,Mirko Ivo Wlk,5f5ac84710d187006f3f2792,26/Mar/26 2:08 AM,26/Mar/26 2:08 AM,,,,0,Motor Adaptativo (MDA) y Reportes,,Mirko Ivo Wlk,5f5ac84710d187006f3f2792,,,,,,,,,,,,0|i000tr:,,,,,,,,,,To Do,26/Mar/26 2:08 AM
Aplicacion de ajuste dentro de rangos configurados,IN-131,10175,Story,Backlog,IN,Proyecto InclusiON,software,Mirko Ivo Wlk,5f5ac84710d187006f3f2792,,Medium,,,,Mirko Ivo Wlk,5f5ac84710d187006f3f2792,Mirko Ivo Wlk,5f5ac84710d187006f3f2792,26/Mar/26 2:08 AM,26/Mar/26 2:08 AM,,,,0,Motor Adaptativo (MDA) y Reportes,,Mirko Ivo Wlk,5f5ac84710d187006f3f2792,,,,,,,,,,,,0|i000tj:,,,,,,,,,,To Do,26/Mar/26 2:08 AM
Calculo de ajuste segun estado (Estable/Progresando/Dificultad/Frustracion),IN-130,10174,Story,Backlog,IN,Proyecto InclusiON,software,Mirko Ivo Wlk,5f5ac84710d187006f3f2792,,Medium,,,,Mirko Ivo Wlk,5f5ac84710d187006f3f2792,Mirko Ivo Wlk,5f5ac84710d187006f3f2792,26/Mar/26 2:08 AM,26/Mar/26 2:08 AM,,,,0,Motor Adaptativo (MDA) y Reportes,,Mirko Ivo Wlk,5f5ac84710d187006f3f2792,,,,,,,,,,,,0|i000tb:,,,,,,,,,,To Do,26/Mar/26 2:08 AM
Evaluacion automatica de rendimiento tras cada actividad,IN-129,10173,Story,Backlog,IN,Proyecto InclusiON,software,Mirko Ivo Wlk,5f5ac84710d187006f3f2792,,Medium,,,,Mirko Ivo Wlk,5f5ac84710d187006f3f2792,Mirko Ivo Wlk,5f5ac84710d187006f3f2792,26/Mar/26 2:08 AM,26/Mar/26 2:08 AM,,,,0,Motor Adaptativo (MDA) y Reportes,,Mirko Ivo Wlk,5f5ac84710d187006f3f2792,,,,,,,,,,,,0|i000t3:,,,,,,,,,,To Do,26/Mar/26 2:08 AM
Monitoreo de frustracion (pausa tras 3+ intentos),IN-128,10172,Story,Backlog,IN,Proyecto InclusiON,software,Mirko Ivo Wlk,5f5ac84710d187006f3f2792,,Medium,,,,Mirko Ivo Wlk,5f5ac84710d187006f3f2792,Mirko Ivo Wlk,5f5ac84710d187006f3f2792,26/Mar/26 2:08 AM,26/Mar/26 2:08 AM,,,,0,Player y Resolucion de Actividades,,Mirko Ivo Wlk,5f5ac84710d187006f3f2792,,,,,,,,,,,,0|i000sv:,,,,,,,,,,To Do,26/Mar/26 2:08 AM
Desbloqueo automatico de siguiente actividad si supera umbral,IN-127,10171,Story,Backlog,IN,Proyecto InclusiON,software,Mirko Ivo Wlk,5f5ac84710d187006f3f2792,,Medium,,,,Mirko Ivo Wlk,5f5ac84710d187006f3f2792,Mirko Ivo Wlk,5f5ac84710d187006f3f2792,26/Mar/26 2:08 AM,26/Mar/26 2:08 AM,,,,0,Player y Resolucion de Actividades,,Mirko Ivo Wlk,5f5ac84710d187006f3f2792,,,,,,,,,,,,0|i000sn:,,,,,,,,,,To Do,26/Mar/26 2:08 AM
Completar actividad y evaluar resultado,IN-126,10170,Story,Backlog,IN,Proyecto InclusiON,software,Mirko Ivo Wlk,5f5ac84710d187006f3f2792,,Medium,,,,Mirko Ivo Wlk,5f5ac84710d187006f3f2792,Mirko Ivo Wlk,5f5ac84710d187006f3f2792,26/Mar/26 2:08 AM,26/Mar/26 2:08 AM,,,,0,Player y Resolucion de Actividades,,Mirko Ivo Wlk,5f5ac84710d187006f3f2792,,,,,,,,,,,,0|i000sf:,,,,,,,,,,To Do,26/Mar/26 2:08 AM
"Registro de progreso durante ejecucion (intentos, frustracion)",IN-125,10169,Story,Backlog,IN,Proyecto InclusiON,software,Mirko Ivo Wlk,5f5ac84710d187006f3f2792,,Medium,,,,Mirko Ivo Wlk,5f5ac84710d187006f3f2792,Mirko Ivo Wlk,5f5ac84710d187006f3f2792,26/Mar/26 2:08 AM,26/Mar/26 2:08 AM,,,,0,Player y Resolucion de Actividades,,Mirko Ivo Wlk,5f5ac84710d187006f3f2792,,,,,,,,,,,,0|i000s7:,,,,,,,,,,To Do,26/Mar/26 2:08 AM
Player: Completar letra,IN-124,10168,Story,Backlog,IN,Proyecto InclusiON,software,Mirko Ivo Wlk,5f5ac84710d187006f3f2792,,Medium,,,,Mirko Ivo Wlk,5f5ac84710d187006f3f2792,Mirko Ivo Wlk,5f5ac84710d187006f3f2792,26/Mar/26 2:08 AM,26/Mar/26 2:08 AM,,,,0,Player y Resolucion de Actividades,,Mirko Ivo Wlk,5f5ac84710d187006f3f2792,,,,,,,,,,,,0|i000rz:,,,,,,,,,,To Do,26/Mar/26 2:08 AM
Player: Ordenar secuencia,IN-123,10167,Story,Backlog,IN,Proyecto InclusiON,software,Mirko Ivo Wlk,5f5ac84710d187006f3f2792,,Medium,,,,Mirko Ivo Wlk,5f5ac84710d187006f3f2792,Mirko Ivo Wlk,5f5ac84710d187006f3f2792,26/Mar/26 2:08 AM,26/Mar/26 2:08 AM,,,,0,Player y Resolucion de Actividades,,Mirko Ivo Wlk,5f5ac84710d187006f3f2792,,,,,,,,,,,,0|i000rr:,,,,,,,,,,To Do,26/Mar/26 2:08 AM
Player: Emparejar imagen-palabra,IN-122,10166,Story,Backlog,IN,Proyecto InclusiON,software,Mirko Ivo Wlk,5f5ac84710d187006f3f2792,,Medium,,,,Mirko Ivo Wlk,5f5ac84710d187006f3f2792,Mirko Ivo Wlk,5f5ac84710d187006f3f2792,26/Mar/26 2:08 AM,26/Mar/26 2:08 AM,,,,0,Player y Resolucion de Actividades,,Mirko Ivo Wlk,5f5ac84710d187006f3f2792,,,,,,,,,,,,0|i000rj:,,,,,,,,,,To Do,26/Mar/26 2:08 AM
Player: Suma visual,IN-121,10165,Story,Backlog,IN,Proyecto InclusiON,software,Mirko Ivo Wlk,5f5ac84710d187006f3f2792,,Medium,,,,Mirko Ivo Wlk,5f5ac84710d187006f3f2792,Mirko Ivo Wlk,5f5ac84710d187006f3f2792,26/Mar/26 2:08 AM,26/Mar/26 2:08 AM,,,,0,Player y Resolucion de Actividades,,Mirko Ivo Wlk,5f5ac84710d187006f3f2792,,,,,,,,,,,,0|i000rb:,,,,,,,,,,To Do,26/Mar/26 2:08 AM
Player: Seleccion de figuras,IN-120,10164,Story,Backlog,IN,Proyecto InclusiON,software,Mirko Ivo Wlk,5f5ac84710d187006f3f2792,,Medium,,,,Mirko Ivo Wlk,5f5ac84710d187006f3f2792,Mirko Ivo Wlk,5f5ac84710d187006f3f2792,26/Mar/26 2:08 AM,26/Mar/26 2:08 AM,,,,0,Player y Resolucion de Actividades,,Mirko Ivo Wlk,5f5ac84710d187006f3f2792,,,,,,,,,,,,0|i000r3:,,,,,,,,,,To Do,26/Mar/26 2:08 AM
Inicio de actividad (registro de respuesta),IN-119,10163,Story,Backlog,IN,Proyecto InclusiON,software,Mirko Ivo Wlk,5f5ac84710d187006f3f2792,,Medium,,,,Mirko Ivo Wlk,5f5ac84710d187006f3f2792,Mirko Ivo Wlk,5f5ac84710d187006f3f2792,26/Mar/26 2:08 AM,26/Mar/26 2:08 AM,,,,0,Player y Resolucion de Actividades,,Mirko Ivo Wlk,5f5ac84710d187006f3f2792,,,,,,,,,,,,0|i000qv:,,,,,,,,,,To Do,26/Mar/26 2:08 AM
Carga de asignacion con contenido completo,IN-118,10162,Story,Backlog,IN,Proyecto InclusiON,software,Mirko Ivo Wlk,5f5ac84710d187006f3f2792,,Medium,,,,Mirko Ivo Wlk,5f5ac84710d187006f3f2792,Mirko Ivo Wlk,5f5ac84710d187006f3f2792,26/Mar/26 2:08 AM,26/Mar/26 2:08 AM,,,,0,Player y Resolucion de Actividades,,Mirko Ivo Wlk,5f5ac84710d187006f3f2792,,,,,,,,,,,,0|i000qn:,,,,,,,,,,To Do,26/Mar/26 2:08 AM
"Visualizacion del roadmap (vista estudiante, estilo Duolingo)",IN-117,10161,Story,Backlog,IN,Proyecto InclusiON,software,Mirko Ivo Wlk,5f5ac84710d187006f3f2792,,Medium,,,,Mirko Ivo Wlk,5f5ac84710d187006f3f2792,Mirko Ivo Wlk,5f5ac84710d187006f3f2792,26/Mar/26 2:08 AM,26/Mar/26 2:08 AM,,,,0,Player y Resolucion de Actividades,,Mirko Ivo Wlk,5f5ac84710d187006f3f2792,,,,,,,,,,,,0|i000qf:,,,,,,,,,,To Do,26/Mar/26 2:08 AM
Configuracion del motor adaptativo por actividad,IN-116,10160,Story,Backlog,IN,Proyecto InclusiON,software,Mirko Ivo Wlk,5f5ac84710d187006f3f2792,,Medium,,,,Mirko Ivo Wlk,5f5ac84710d187006f3f2792,Mirko Ivo Wlk,5f5ac84710d187006f3f2792,26/Mar/26 2:08 AM,26/Mar/26 2:08 AM,,,,0,Plan de Trabajo (Roadmap),,Mirko Ivo Wlk,5f5ac84710d187006f3f2792,,,,,,,,,,,,0|i000q7:,,,,,,,,,,To Do,26/Mar/26 2:08 AM
Eliminacion de actividad del roadmap,IN-115,10159,Story,Backlog,IN,Proyecto InclusiON,software,Mirko Ivo Wlk,5f5ac84710d187006f3f2792,,Medium,,,,Mirko Ivo Wlk,5f5ac84710d187006f3f2792,Mirko Ivo Wlk,5f5ac84710d187006f3f2792,26/Mar/26 2:08 AM,26/Mar/26 2:08 AM,,,,0,Plan de Trabajo (Roadmap),,Mirko Ivo Wlk,5f5ac84710d187006f3f2792,,,,,,,,,,,,0|i000pz:,,,,,,,,,,To Do,26/Mar/26 2:08 AM
Desbloqueo manual de actividad,IN-114,10158,Story,Backlog,IN,Proyecto InclusiON,software,Mirko Ivo Wlk,5f5ac84710d187006f3f2792,,Medium,,,,Mirko Ivo Wlk,5f5ac84710d187006f3f2792,Mirko Ivo Wlk,5f5ac84710d187006f3f2792,26/Mar/26 2:08 AM,26/Mar/26 2:08 AM,,,,0,Plan de Trabajo (Roadmap),,Mirko Ivo Wlk,5f5ac84710d187006f3f2792,,,,,,,,,,,,0|i000pr:,,,,,,,,,,To Do,26/Mar/26 2:08 AM
Reordenamiento de actividades drag-drop,IN-113,10157,Story,Backlog,IN,Proyecto InclusiON,software,Mirko Ivo Wlk,5f5ac84710d187006f3f2792,,Medium,,,,Mirko Ivo Wlk,5f5ac84710d187006f3f2792,Mirko Ivo Wlk,5f5ac84710d187006f3f2792,26/Mar/26 2:08 AM,26/Mar/26 2:08 AM,,,,0,Plan de Trabajo (Roadmap),,Mirko Ivo Wlk,5f5ac84710d187006f3f2792,,,,,,,,,,,,0|i000pj:,,,,,,,,,,To Do,26/Mar/26 2:08 AM
Definir orden secuencial y umbral de desbloqueo,IN-112,10156,Story,Backlog,IN,Proyecto InclusiON,software,Mirko Ivo Wlk,5f5ac84710d187006f3f2792,,Medium,,,,Mirko Ivo Wlk,5f5ac84710d187006f3f2792,Mirko Ivo Wlk,5f5ac84710d187006f3f2792,26/Mar/26 2:08 AM,26/Mar/26 2:08 AM,,,,0,Plan de Trabajo (Roadmap),,Mirko Ivo Wlk,5f5ac84710d187006f3f2792,,,,,,,,,,,,0|i000pb:,,,,,,,,,,To Do,26/Mar/26 2:08 AM
Agregar actividades al roadmap por area,IN-111,10155,Story,Backlog,IN,Proyecto InclusiON,software,Mirko Ivo Wlk,5f5ac84710d187006f3f2792,,Medium,,,,Mirko Ivo Wlk,5f5ac84710d187006f3f2792,Mirko Ivo Wlk,5f5ac84710d187006f3f2792,26/Mar/26 2:08 AM,26/Mar/26 2:08 AM,,,,0,Plan de Trabajo (Roadmap),,Mirko Ivo Wlk,5f5ac84710d187006f3f2792,,,,,,,,,,,,0|i000p3:,,,,,,,,,,To Do,26/Mar/26 2:08 AM
Creacion del roadmap por persona,IN-110,10154,Story,Backlog,IN,Proyecto InclusiON,software,Mirko Ivo Wlk,5f5ac84710d187006f3f2792,,Medium,,,,Mirko Ivo Wlk,5f5ac84710d187006f3f2792,Mirko Ivo Wlk,5f5ac84710d187006f3f2792,26/Mar/26 2:08 AM,26/Mar/26 2:08 AM,,,,0,Plan de Trabajo (Roadmap),,Mirko Ivo Wlk,5f5ac84710d187006f3f2792,,,,,,,,,,,,0|i000ov:,,,,,,,,,,To Do,26/Mar/26 2:08 AM
Desactivacion de actividad,IN-109,10153,Story,Backlog,IN,Proyecto InclusiON,software,Mirko Ivo Wlk,5f5ac84710d187006f3f2792,,Medium,,,,Mirko Ivo Wlk,5f5ac84710d187006f3f2792,Mirko Ivo Wlk,5f5ac84710d187006f3f2792,26/Mar/26 2:08 AM,26/Mar/26 2:08 AM,,,,0,Gestion de Actividades,,Mirko Ivo Wlk,5f5ac84710d187006f3f2792,,,,,,,,,,,,0|i000on:,,,,,,,,,,To Do,26/Mar/26 2:08 AM
Edicion de actividad propia,IN-108,10152,Story,Backlog,IN,Proyecto InclusiON,software,Mirko Ivo Wlk,5f5ac84710d187006f3f2792,,Medium,,,,Mirko Ivo Wlk,5f5ac84710d187006f3f2792,Mirko Ivo Wlk,5f5ac84710d187006f3f2792,26/Mar/26 2:08 AM,26/Mar/26 2:08 AM,,,,0,Gestion de Actividades,,Mirko Ivo Wlk,5f5ac84710d187006f3f2792,,,,,,,,,,,,0|i000of:,,,,,,,,,,To Do,26/Mar/26 2:08 AM
Consulta del catalogo de actividades (propias + estandar),IN-107,10151,Story,Backlog,IN,Proyecto InclusiON,software,Mirko Ivo Wlk,5f5ac84710d187006f3f2792,,Medium,,,,Mirko Ivo Wlk,5f5ac84710d187006f3f2792,Mirko Ivo Wlk,5f5ac84710d187006f3f2792,26/Mar/26 2:08 AM,26/Mar/26 2:08 AM,,,,0,Gestion de Actividades,,Mirko Ivo Wlk,5f5ac84710d187006f3f2792,,,,,,,,,,,,0|i000o7:,,,,,,,,,,To Do,26/Mar/26 2:08 AM
Integracion de pictogramas ARASAAC,IN-106,10150,Story,Backlog,IN,Proyecto InclusiON,software,Mirko Ivo Wlk,5f5ac84710d187006f3f2792,,Medium,,,,Mirko Ivo Wlk,5f5ac84710d187006f3f2792,Mirko Ivo Wlk,5f5ac84710d187006f3f2792,26/Mar/26 2:08 AM,26/Mar/26 2:08 AM,,,,0,Gestion de Actividades,,Mirko Ivo Wlk,5f5ac84710d187006f3f2792,,,,,,,,,,,,0|i000nz:,,,,,,,,,,To Do,26/Mar/26 2:08 AM
"Creacion de actividad con wizard (area, template, contenido, metadatos)",IN-105,10149,Story,Backlog,IN,Proyecto InclusiON,software,Mirko Ivo Wlk,5f5ac84710d187006f3f2792,,Medium,,,,Mirko Ivo Wlk,5f5ac84710d187006f3f2792,Mirko Ivo Wlk,5f5ac84710d187006f3f2792,26/Mar/26 2:08 AM,26/Mar/26 2:08 AM,,,,0,Gestion de Actividades,,Mirko Ivo Wlk,5f5ac84710d187006f3f2792,,,,,,,,,,,,0|i000nr:,,,,,,,,,,To Do,26/Mar/26 2:08 AM
Consulta de categorias de actividad (catalogo),IN-104,10148,Story,Backlog,IN,Proyecto InclusiON,software,Mirko Ivo Wlk,5f5ac84710d187006f3f2792,,Medium,,,,Mirko Ivo Wlk,5f5ac84710d187006f3f2792,Mirko Ivo Wlk,5f5ac84710d187006f3f2792,26/Mar/26 2:08 AM,26/Mar/26 2:08 AM,,,,0,Gestion de Actividades,,Mirko Ivo Wlk,5f5ac84710d187006f3f2792,,,,,,,,,,,,0|i000nj:,,,,,,,,,,To Do,26/Mar/26 2:08 AM
Consulta de tipos de template (catalogo),IN-103,10147,Story,Backlog,IN,Proyecto InclusiON,software,Mirko Ivo Wlk,5f5ac84710d187006f3f2792,,Medium,,,,Mirko Ivo Wlk,5f5ac84710d187006f3f2792,Mirko Ivo Wlk,5f5ac84710d187006f3f2792,26/Mar/26 2:08 AM,26/Mar/26 2:08 AM,,,,0,Gestion de Actividades,,Mirko Ivo Wlk,5f5ac84710d187006f3f2792,,,,,,,,,,,,0|i000nb:,,,,,,,,,,To Do,26/Mar/26 2:08 AM
Pantalla de bienvenida (persona con discapacidad),IN-102,10146,Story,Backlog,IN,Proyecto InclusiON,software,Mirko Ivo Wlk,5f5ac84710d187006f3f2792,,Medium,,,,Mirko Ivo Wlk,5f5ac84710d187006f3f2792,Mirko Ivo Wlk,5f5ac84710d187006f3f2792,26/Mar/26 2:08 AM,26/Mar/26 2:08 AM,,,,0,Administracion de Cuentas y Onboarding,,Mirko Ivo Wlk,5f5ac84710d187006f3f2792,,,,,,,,,,,,0|i000n3:,,,,,,,,,,To Do,26/Mar/26 2:08 AM
Pantalla de bienvenida (familiar),IN-101,10145,Story,Backlog,IN,Proyecto InclusiON,software,Mirko Ivo Wlk,5f5ac84710d187006f3f2792,,Medium,,,,Mirko Ivo Wlk,5f5ac84710d187006f3f2792,Mirko Ivo Wlk,5f5ac84710d187006f3f2792,26/Mar/26 2:08 AM,26/Mar/26 2:08 AM,,,,0,Administracion de Cuentas y Onboarding,,Mirko Ivo Wlk,5f5ac84710d187006f3f2792,,,,,,,,,,,,0|i000mv:,,,,,,,,,,To Do,26/Mar/26 2:08 AM
Tour guiado del portal (profesional),IN-100,10144,Story,Backlog,IN,Proyecto InclusiON,software,Mirko Ivo Wlk,5f5ac84710d187006f3f2792,,Medium,,,,Mirko Ivo Wlk,5f5ac84710d187006f3f2792,Mirko Ivo Wlk,5f5ac84710d187006f3f2792,26/Mar/26 2:08 AM,26/Mar/26 2:08 AM,,,,0,Administracion de Cuentas y Onboarding,,Mirko Ivo Wlk,5f5ac84710d187006f3f2792,,,,,,,,,,,,0|i000mn:,,,,,,,,,,To Do,26/Mar/26 2:08 AM
Wizard de completado de perfil (profesional),IN-99,10143,Story,Backlog,IN,Proyecto InclusiON,software,Mirko Ivo Wlk,5f5ac84710d187006f3f2792,,Medium,,,,Mirko Ivo Wlk,5f5ac84710d187006f3f2792,Mirko Ivo Wlk,5f5ac84710d187006f3f2792,26/Mar/26 2:08 AM,26/Mar/26 2:08 AM,,,,0,Administracion de Cuentas y Onboarding,,Mirko Ivo Wlk,5f5ac84710d187006f3f2792,,,,,,,,,,,,0|i000mf:,,,,,,,,,,To Do,26/Mar/26 2:08 AM
Consulta de actividad reciente del usuario,IN-98,10142,Story,Backlog,IN,Proyecto InclusiON,software,Mirko Ivo Wlk,5f5ac84710d187006f3f2792,,Medium,,,,Mirko Ivo Wlk,5f5ac84710d187006f3f2792,Mirko Ivo Wlk,5f5ac84710d187006f3f2792,26/Mar/26 2:08 AM,26/Mar/26 2:08 AM,,,,0,Administracion de Cuentas y Onboarding,,Mirko Ivo Wlk,5f5ac84710d187006f3f2792,,,,,,,,,,,,0|i000m7:,,,,,,,,,,To Do,26/Mar/26 2:08 AM
Reactivacion de cuenta (genera temporal + envio email),IN-97,10141,Story,Backlog,IN,Proyecto InclusiON,software,Mirko Ivo Wlk,5f5ac84710d187006f3f2792,,Medium,,,,Mirko Ivo Wlk,5f5ac84710d187006f3f2792,Mirko Ivo Wlk,5f5ac84710d187006f3f2792,26/Mar/26 2:08 AM,26/Mar/26 2:08 AM,,,,0,Administracion de Cuentas y Onboarding,,Mirko Ivo Wlk,5f5ac84710d187006f3f2792,,,,,,,,,,,,0|i000lz:,,,,,,,,,,To Do,26/Mar/26 2:08 AM
Desactivacion de cuenta (soft-delete + revocacion de tokens),IN-96,10140,Story,Backlog,IN,Proyecto InclusiON,software,Mirko Ivo Wlk,5f5ac84710d187006f3f2792,,Medium,,,,Mirko Ivo Wlk,5f5ac84710d187006f3f2792,Mirko Ivo Wlk,5f5ac84710d187006f3f2792,26/Mar/26 2:08 AM,26/Mar/26 2:08 AM,,,,0,Administracion de Cuentas y Onboarding,,Mirko Ivo Wlk,5f5ac84710d187006f3f2792,,,,,,,,,,,,0|i000lr:,,,,,,,,,,To Do,26/Mar/26 2:08 AM
Reseteo de contrasena (genera temporal + revoca sesiones + envio email),IN-95,10139,Story,Backlog,IN,Proyecto InclusiON,software,Mirko Ivo Wlk,5f5ac84710d187006f3f2792,,Medium,,,,Mirko Ivo Wlk,5f5ac84710d187006f3f2792,Mirko Ivo Wlk,5f5ac84710d187006f3f2792,26/Mar/26 2:08 AM,26/Mar/26 2:08 AM,,,,0,Administracion de Cuentas y Onboarding,,Mirko Ivo Wlk,5f5ac84710d187006f3f2792,,,,,,,,,,,,0|i000lj:,,,,,,,,,,To Do,26/Mar/26 2:08 AM
Detalle de usuario con entidad asociada,IN-94,10138,Story,Backlog,IN,Proyecto InclusiON,software,Mirko Ivo Wlk,5f5ac84710d187006f3f2792,,Medium,,,,Mirko Ivo Wlk,5f5ac84710d187006f3f2792,Mirko Ivo Wlk,5f5ac84710d187006f3f2792,26/Mar/26 2:08 AM,26/Mar/26 2:08 AM,,,,0,Administracion de Cuentas y Onboarding,,Mirko Ivo Wlk,5f5ac84710d187006f3f2792,,,,,,,,,,,,0|i000lb:,,,,,,,,,,To Do,26/Mar/26 2:08 AM
"Listado centralizado de usuarios con filtros (rol, estado, institucion)",IN-93,10137,Story,Backlog,IN,Proyecto InclusiON,software,Mirko Ivo Wlk,5f5ac84710d187006f3f2792,,Medium,,,,Mirko Ivo Wlk,5f5ac84710d187006f3f2792,Mirko Ivo Wlk,5f5ac84710d187006f3f2792,26/Mar/26 2:08 AM,26/Mar/26 2:08 AM,,,,0,Administracion de Cuentas y Onboarding,,Mirko Ivo Wlk,5f5ac84710d187006f3f2792,,,,,,,,,,,,0|i000l3:,,,,,,,,,,To Do,26/Mar/26 2:08 AM
Portal familia con progreso completo,IN-92,10136,Story,Backlog,IN,Proyecto InclusiON,software,Mirko Ivo Wlk,5f5ac84710d187006f3f2792,,Medium,,,,Mirko Ivo Wlk,5f5ac84710d187006f3f2792,Mirko Ivo Wlk,5f5ac84710d187006f3f2792,26/Mar/26 2:08 AM,26/Mar/26 2:08 AM,,,,0,"Evaluacion, Diagnostico y Dashboard",,Mirko Ivo Wlk,5f5ac84710d187006f3f2792,,,,,,,,,,,,0|i000kv:,,,,,,,,,,To Do,26/Mar/26 2:08 AM
"Dashboard familiar (ultimas actividades, mensajes, reportes)",IN-91,10135,Story,Backlog,IN,Proyecto InclusiON,software,Mirko Ivo Wlk,5f5ac84710d187006f3f2792,,Medium,,,,Mirko Ivo Wlk,5f5ac84710d187006f3f2792,Mirko Ivo Wlk,5f5ac84710d187006f3f2792,26/Mar/26 2:08 AM,26/Mar/26 2:08 AM,,,,0,"Evaluacion, Diagnostico y Dashboard",,Mirko Ivo Wlk,5f5ac84710d187006f3f2792,,,,,,,,,,,,0|i000kn:,,,,,,,,,,To Do,26/Mar/26 2:08 AM
Radar chart de habilidades (promedio de exito por area),IN-90,10134,Story,Backlog,IN,Proyecto InclusiON,software,Mirko Ivo Wlk,5f5ac84710d187006f3f2792,,Medium,,,,Mirko Ivo Wlk,5f5ac84710d187006f3f2792,Mirko Ivo Wlk,5f5ac84710d187006f3f2792,26/Mar/26 2:08 AM,26/Mar/26 2:08 AM,,,,0,"Evaluacion, Diagnostico y Dashboard",,Mirko Ivo Wlk,5f5ac84710d187006f3f2792,,,,,,,,,,,,0|i000kf:,,,,,,,,,,To Do,26/Mar/26 2:08 AM
Detalle de persona con edicion inline,IN-89,10133,Story,Backlog,IN,Proyecto InclusiON,software,Mirko Ivo Wlk,5f5ac84710d187006f3f2792,,Medium,,,,Mirko Ivo Wlk,5f5ac84710d187006f3f2792,Mirko Ivo Wlk,5f5ac84710d187006f3f2792,26/Mar/26 2:08 AM,26/Mar/26 2:08 AM,,,,0,"Evaluacion, Diagnostico y Dashboard",,Mirko Ivo Wlk,5f5ac84710d187006f3f2792,,,,,,,,,,,,0|i000k7:,,,,,,,,,,To Do,26/Mar/26 2:08 AM
Mi Aula (cards de personas asignadas),IN-88,10132,Story,Backlog,IN,Proyecto InclusiON,software,Mirko Ivo Wlk,5f5ac84710d187006f3f2792,,Medium,,,,Mirko Ivo Wlk,5f5ac84710d187006f3f2792,Mirko Ivo Wlk,5f5ac84710d187006f3f2792,26/Mar/26 2:08 AM,26/Mar/26 2:08 AM,,,,0,"Evaluacion, Diagnostico y Dashboard",,Mirko Ivo Wlk,5f5ac84710d187006f3f2792,,,,,,,,,,,,0|i000jz:,,,,,,,,,,To Do,26/Mar/26 2:08 AM
Dashboard del profesional con contadores reales,IN-87,10131,Story,Backlog,IN,Proyecto InclusiON,software,Mirko Ivo Wlk,5f5ac84710d187006f3f2792,,Medium,,,,Mirko Ivo Wlk,5f5ac84710d187006f3f2792,Mirko Ivo Wlk,5f5ac84710d187006f3f2792,26/Mar/26 2:08 AM,26/Mar/26 2:08 AM,,,,0,"Evaluacion, Diagnostico y Dashboard",,Mirko Ivo Wlk,5f5ac84710d187006f3f2792,,,,,,,,,,,,0|i000jr:,,,,,,,,,,To Do,26/Mar/26 2:08 AM
Timeline de diagnosticos en perfil de persona (vista admin readonly),IN-86,10130,Story,Backlog,IN,Proyecto InclusiON,software,Mirko Ivo Wlk,5f5ac84710d187006f3f2792,,Medium,,,,Mirko Ivo Wlk,5f5ac84710d187006f3f2792,Mirko Ivo Wlk,5f5ac84710d187006f3f2792,26/Mar/26 2:08 AM,26/Mar/26 2:08 AM,,,,0,"Evaluacion, Diagnostico y Dashboard",,Mirko Ivo Wlk,5f5ac84710d187006f3f2792,,,,,,,,,,,,0|i000jj:,,,,,,,,,,To Do,26/Mar/26 2:08 AM
Edicion de diagnostico por su creador,IN-85,10129,Story,Backlog,IN,Proyecto InclusiON,software,Mirko Ivo Wlk,5f5ac84710d187006f3f2792,,Medium,,,,Mirko Ivo Wlk,5f5ac84710d187006f3f2792,Mirko Ivo Wlk,5f5ac84710d187006f3f2792,26/Mar/26 2:08 AM,26/Mar/26 2:08 AM,,,,0,"Evaluacion, Diagnostico y Dashboard",,Mirko Ivo Wlk,5f5ac84710d187006f3f2792,,,,,,,,,,,,0|i000jb:,,,,,,,,,,To Do,26/Mar/26 2:08 AM
Consulta de historial de diagnosticos (lista por fecha desc),IN-84,10128,Story,Backlog,IN,Proyecto InclusiON,software,Mirko Ivo Wlk,5f5ac84710d187006f3f2792,,Medium,,,,Mirko Ivo Wlk,5f5ac84710d187006f3f2792,Mirko Ivo Wlk,5f5ac84710d187006f3f2792,26/Mar/26 2:08 AM,26/Mar/26 2:08 AM,,,,0,"Evaluacion, Diagnostico y Dashboard",,Mirko Ivo Wlk,5f5ac84710d187006f3f2792,,,,,,,,,,,,0|i000j3:,,,,,,,,,,To Do,26/Mar/26 2:08 AM
Registro de diagnostico funcional,IN-83,10127,Story,Backlog,IN,Proyecto InclusiON,software,Mirko Ivo Wlk,5f5ac84710d187006f3f2792,,Medium,,,,Mirko Ivo Wlk,5f5ac84710d187006f3f2792,Mirko Ivo Wlk,5f5ac84710d187006f3f2792,26/Mar/26 2:08 AM,26/Mar/26 2:08 AM,,,,0,"Evaluacion, Diagnostico y Dashboard",,Mirko Ivo Wlk,5f5ac84710d187006f3f2792,,,,,,,,,,,,0|i000iv:,,,,,,,,,,To Do,26/Mar/26 2:08 AM
Edicion del perfil funcional,IN-82,10126,Story,Backlog,IN,Proyecto InclusiON,software,Mirko Ivo Wlk,5f5ac84710d187006f3f2792,,Medium,,,,Mirko Ivo Wlk,5f5ac84710d187006f3f2792,Mirko Ivo Wlk,5f5ac84710d187006f3f2792,26/Mar/26 2:08 AM,26/Mar/26 2:08 AM,,,,0,"Evaluacion, Diagnostico y Dashboard",,Mirko Ivo Wlk,5f5ac84710d187006f3f2792,,,,,,,,,,,,0|i000in:,,,,,,,,,,To Do,26/Mar/26 2:08 AM
Configuracion del perfil de habilidades,IN-81,10125,Story,Backlog,IN,Proyecto InclusiON,software,Mirko Ivo Wlk,5f5ac84710d187006f3f2792,,Medium,,,,Mirko Ivo Wlk,5f5ac84710d187006f3f2792,Mirko Ivo Wlk,5f5ac84710d187006f3f2792,26/Mar/26 2:07 AM,26/Mar/26 2:07 AM,,,,0,"Evaluacion, Diagnostico y Dashboard",,Mirko Ivo Wlk,5f5ac84710d187006f3f2792,,,,,,,,,,,,0|i000if:,,,,,,,,,,To Do,26/Mar/26 2:08 AM
Directivas de permisos en interfaz,IN-80,10124,Story,Backlog,IN,Proyecto InclusiON,software,Mirko Ivo Wlk,5f5ac84710d187006f3f2792,,Medium,,,,Mirko Ivo Wlk,5f5ac84710d187006f3f2792,Mirko Ivo Wlk,5f5ac84710d187006f3f2792,26/Mar/26 2:07 AM,26/Mar/26 2:07 AM,,,,0,Autenticacion y Accesibilidad,,Mirko Ivo Wlk,5f5ac84710d187006f3f2792,,,,,,,,,,,,0|i000i7:,,,,,,,,,,To Do,26/Mar/26 2:07 AM
Guards de ruta por rol y permiso con toast de aviso,IN-79,10123,Story,Backlog,IN,Proyecto InclusiON,software,Mirko Ivo Wlk,5f5ac84710d187006f3f2792,,Medium,,,,Mirko Ivo Wlk,5f5ac84710d187006f3f2792,Mirko Ivo Wlk,5f5ac84710d187006f3f2792,26/Mar/26 2:07 AM,26/Mar/26 2:07 AM,,,,0,Autenticacion y Accesibilidad,,Mirko Ivo Wlk,5f5ac84710d187006f3f2792,,,,,,,,,,,,0|i000hz:,,,,,,,,,,To Do,26/Mar/26 2:07 AM
Toasts con colores de accesibilidad,IN-78,10122,Story,Backlog,IN,Proyecto InclusiON,software,Mirko Ivo Wlk,5f5ac84710d187006f3f2792,,Medium,,,,Mirko Ivo Wlk,5f5ac84710d187006f3f2792,Mirko Ivo Wlk,5f5ac84710d187006f3f2792,26/Mar/26 2:07 AM,26/Mar/26 2:07 AM,,,,0,Autenticacion y Accesibilidad,,Mirko Ivo Wlk,5f5ac84710d187006f3f2792,,,,,,,,,,,,0|i000hr:,,,,,,,,,,To Do,26/Mar/26 2:07 AM
Panel de accesibilidad (Alt+A),IN-77,10121,Story,Backlog,IN,Proyecto InclusiON,software,Mirko Ivo Wlk,5f5ac84710d187006f3f2792,,Medium,,,,Mirko Ivo Wlk,5f5ac84710d187006f3f2792,Mirko Ivo Wlk,5f5ac84710d187006f3f2792,26/Mar/26 2:07 AM,26/Mar/26 2:07 AM,,,,0,Autenticacion y Accesibilidad,,Mirko Ivo Wlk,5f5ac84710d187006f3f2792,,,,,,,,,,,,0|i000hj:,,,,,,,,,,To Do,26/Mar/26 2:07 AM
Modo claro y oscuro (14 combinaciones),IN-76,10120,Story,Backlog,IN,Proyecto InclusiON,software,Mirko Ivo Wlk,5f5ac84710d187006f3f2792,,Medium,,,,Mirko Ivo Wlk,5f5ac84710d187006f3f2792,Mirko Ivo Wlk,5f5ac84710d187006f3f2792,26/Mar/26 2:07 AM,26/Mar/26 2:07 AM,,,,0,Autenticacion y Accesibilidad,,Mirko Ivo Wlk,5f5ac84710d187006f3f2792,,,,,,,,,,,,0|i000hb:,,,,,,,,,,To Do,26/Mar/26 2:07 AM
"7 perfiles visuales de accesibilidad (alto contraste, dislexia, baja vision, daltonismo)",IN-75,10119,Story,Backlog,IN,Proyecto InclusiON,software,Mirko Ivo Wlk,5f5ac84710d187006f3f2792,,Medium,,,,Mirko Ivo Wlk,5f5ac84710d187006f3f2792,Mirko Ivo Wlk,5f5ac84710d187006f3f2792,26/Mar/26 2:07 AM,26/Mar/26 2:07 AM,,,,0,Autenticacion y Accesibilidad,,Mirko Ivo Wlk,5f5ac84710d187006f3f2792,,,,,,,,,,,,0|i000h3:,,,,,,,,,,To Do,26/Mar/26 2:07 AM
Validacion de rol en login admin/profesional (allowedRoles),IN-74,10118,Story,Backlog,IN,Proyecto InclusiON,software,Mirko Ivo Wlk,5f5ac84710d187006f3f2792,,Medium,,,,Mirko Ivo Wlk,5f5ac84710d187006f3f2792,Mirko Ivo Wlk,5f5ac84710d187006f3f2792,26/Mar/26 2:07 AM,26/Mar/26 2:07 AM,,,,0,Autenticacion y Accesibilidad,,Mirko Ivo Wlk,5f5ac84710d187006f3f2792,,,,,,,,,,,,0|i000gv:,,,,,,,,,,To Do,26/Mar/26 2:07 AM
Redireccion por rol al portal correspondiente,IN-73,10117,Story,Backlog,IN,Proyecto InclusiON,software,Mirko Ivo Wlk,5f5ac84710d187006f3f2792,,Medium,,,,Mirko Ivo Wlk,5f5ac84710d187006f3f2792,Mirko Ivo Wlk,5f5ac84710d187006f3f2792,26/Mar/26 2:07 AM,26/Mar/26 2:07 AM,,,,0,Autenticacion y Accesibilidad,,Mirko Ivo Wlk,5f5ac84710d187006f3f2792,,,,,,,,,,,,0|i000gn:,,,,,,,,,,To Do,26/Mar/26 2:07 AM
Cambio de contrasena obligatorio en primer login,IN-72,10116,Story,Backlog,IN,Proyecto InclusiON,software,Mirko Ivo Wlk,5f5ac84710d187006f3f2792,,Medium,,,,Mirko Ivo Wlk,5f5ac84710d187006f3f2792,Mirko Ivo Wlk,5f5ac84710d187006f3f2792,26/Mar/26 2:07 AM,26/Mar/26 2:07 AM,,,,0,Autenticacion y Accesibilidad,,Mirko Ivo Wlk,5f5ac84710d187006f3f2792,,,,,,,,,,,,0|i000gf:,,,,,,,,,,To Do,26/Mar/26 2:07 AM
Refresh de token automatico,IN-71,10115,Story,Backlog,IN,Proyecto InclusiON,software,Mirko Ivo Wlk,5f5ac84710d187006f3f2792,,Medium,,,,Mirko Ivo Wlk,5f5ac84710d187006f3f2792,Mirko Ivo Wlk,5f5ac84710d187006f3f2792,26/Mar/26 2:07 AM,26/Mar/26 2:07 AM,,,,0,Autenticacion y Accesibilidad,,Mirko Ivo Wlk,5f5ac84710d187006f3f2792,,,,,,,,,,,,0|i000g7:,,,,,,,,,,To Do,26/Mar/26 2:07 AM
Identificacion de usuario por nombre,IN-70,10114,Story,Backlog,IN,Proyecto InclusiON,software,Mirko Ivo Wlk,5f5ac84710d187006f3f2792,,Medium,,,,Mirko Ivo Wlk,5f5ac84710d187006f3f2792,Mirko Ivo Wlk,5f5ac84710d187006f3f2792,26/Mar/26 2:07 AM,26/Mar/26 2:07 AM,,,,0,Autenticacion y Accesibilidad,,Mirko Ivo Wlk,5f5ac84710d187006f3f2792,,,,,,,,,,,,0|i000fz:,,,,,,,,,,To Do,26/Mar/26 2:07 AM
Login familiar,IN-69,10113,Story,Backlog,IN,Proyecto InclusiON,software,Mirko Ivo Wlk,5f5ac84710d187006f3f2792,,Medium,,,,Mirko Ivo Wlk,5f5ac84710d187006f3f2792,Mirko Ivo Wlk,5f5ac84710d187006f3f2792,26/Mar/26 2:07 AM,26/Mar/26 2:07 AM,,,,0,Autenticacion y Accesibilidad,,Mirko Ivo Wlk,5f5ac84710d187006f3f2792,,,,,,,,,,,,0|i000fr:,,,,,,,,,,To Do,26/Mar/26 2:07 AM
Login asistido (supervisor autoriza),IN-68,10112,Story,Backlog,IN,Proyecto InclusiON,software,Mirko Ivo Wlk,5f5ac84710d187006f3f2792,,Medium,,,,Mirko Ivo Wlk,5f5ac84710d187006f3f2792,Mirko Ivo Wlk,5f5ac84710d187006f3f2792,26/Mar/26 2:07 AM,26/Mar/26 2:07 AM,,,,0,Autenticacion y Accesibilidad,,Mirko Ivo Wlk,5f5ac84710d187006f3f2792,,,,,,,,,,,,0|i000fj:,,,,,,,,,,To Do,26/Mar/26 2:07 AM
Login por PIN (4 digitos),IN-67,10111,Story,Backlog,IN,Proyecto InclusiON,software,Mirko Ivo Wlk,5f5ac84710d187006f3f2792,,Medium,,,,Mirko Ivo Wlk,5f5ac84710d187006f3f2792,Mirko Ivo Wlk,5f5ac84710d187006f3f2792,26/Mar/26 2:07 AM,26/Mar/26 2:07 AM,,,,0,Autenticacion y Accesibilidad,,Mirko Ivo Wlk,5f5ac84710d187006f3f2792,,,,,,,,,,,,0|i000fb:,,,,,,,,,,To Do,26/Mar/26 2:07 AM
Login visual estandar (identificacion por nombre + contrasena),IN-66,10110,Story,Backlog,IN,Proyecto InclusiON,software,Mirko Ivo Wlk,5f5ac84710d187006f3f2792,,Medium,,,,Mirko Ivo Wlk,5f5ac84710d187006f3f2792,Mirko Ivo Wlk,5f5ac84710d187006f3f2792,26/Mar/26 2:07 AM,26/Mar/26 2:07 AM,,,,0,Autenticacion y Accesibilidad,,Mirko Ivo Wlk,5f5ac84710d187006f3f2792,,,,,,,,,,,,0|i000f3:,,,,,,,,,,To Do,26/Mar/26 2:07 AM
Login estandar (email + contrasena),IN-65,10109,Story,Backlog,IN,Proyecto InclusiON,software,Mirko Ivo Wlk,5f5ac84710d187006f3f2792,,Medium,,,,Mirko Ivo Wlk,5f5ac84710d187006f3f2792,Mirko Ivo Wlk,5f5ac84710d187006f3f2792,26/Mar/26 2:07 AM,26/Mar/26 2:07 AM,,,,0,Autenticacion y Accesibilidad,,Mirko Ivo Wlk,5f5ac84710d187006f3f2792,,,,,,,,,,,,0|i000ev:,,,,,,,,,,To Do,26/Mar/26 2:07 AM
Desvinculacion logica (soft-delete) de asignaciones,IN-64,10108,Story,Backlog,IN,Proyecto InclusiON,software,Mirko Ivo Wlk,5f5ac84710d187006f3f2792,,Medium,,Mirko Ivo Wlk,5f5ac84710d187006f3f2792,Mirko Ivo Wlk,5f5ac84710d187006f3f2792,Mirko Ivo Wlk,5f5ac84710d187006f3f2792,26/Mar/26 2:07 AM,06/Apr/26 2:49 AM,,,,0,Invitaciones y Asignaciones,,Mirko Ivo Wlk,5f5ac84710d187006f3f2792,,,,,,,,,,,,0|i000en:,Tablero Sprint 2,,,,,,10049,IN-5,Invitaciones y Asignaciones,To Do,26/Mar/26 2:07 AM
Configuracion de perfil de habilidades (seleccion multiple),IN-63,10107,Story,Backlog,IN,Proyecto InclusiON,software,Mirko Ivo Wlk,5f5ac84710d187006f3f2792,,Medium,,Mirko Ivo Wlk,5f5ac84710d187006f3f2792,Mirko Ivo Wlk,5f5ac84710d187006f3f2792,Mirko Ivo Wlk,5f5ac84710d187006f3f2792,26/Mar/26 2:07 AM,06/Apr/26 2:49 AM,,,,0,Invitaciones y Asignaciones,,Mirko Ivo Wlk,5f5ac84710d187006f3f2792,,,,,,,,,,,,0|i000ef:,Tablero Sprint 2,,,,,,10049,IN-5,Invitaciones y Asignaciones,To Do,26/Mar/26 2:07 AM
Vinculacion familiar automatica por invitacion,IN-62,10106,Story,Backlog,IN,Proyecto InclusiON,software,Mirko Ivo Wlk,5f5ac84710d187006f3f2792,,Medium,,Mirko Ivo Wlk,5f5ac84710d187006f3f2792,Mirko Ivo Wlk,5f5ac84710d187006f3f2792,Mirko Ivo Wlk,5f5ac84710d187006f3f2792,26/Mar/26 2:07 AM,06/Apr/26 2:49 AM,,,,0,Invitaciones y Asignaciones,,Mirko Ivo Wlk,5f5ac84710d187006f3f2792,,,,,,,,,,,,0|i000e7:,Tablero Sprint 2,,,,,,10049,IN-5,Invitaciones y Asignaciones,To Do,26/Mar/26 2:07 AM
Desactivar asignacion persona-profesional,IN-61,10105,Story,Backlog,IN,Proyecto InclusiON,software,Mirko Ivo Wlk,5f5ac84710d187006f3f2792,,Medium,,Mirko Ivo Wlk,5f5ac84710d187006f3f2792,Mirko Ivo Wlk,5f5ac84710d187006f3f2792,Mirko Ivo Wlk,5f5ac84710d187006f3f2792,26/Mar/26 2:07 AM,06/Apr/26 2:49 AM,,,,0,Invitaciones y Asignaciones,,Mirko Ivo Wlk,5f5ac84710d187006f3f2792,,,,,,,,,,,,0|i000dz:,Tablero Sprint 2,,,,,,10049,IN-5,Invitaciones y Asignaciones,To Do,26/Mar/26 2:07 AM
Asignar persona a profesional,IN-60,10104,Story,Backlog,IN,Proyecto InclusiON,software,Mirko Ivo Wlk,5f5ac84710d187006f3f2792,,Medium,,Mirko Ivo Wlk,5f5ac84710d187006f3f2792,Mirko Ivo Wlk,5f5ac84710d187006f3f2792,Mirko Ivo Wlk,5f5ac84710d187006f3f2792,26/Mar/26 2:07 AM,06/Apr/26 2:49 AM,,,,0,Invitaciones y Asignaciones,,Mirko Ivo Wlk,5f5ac84710d187006f3f2792,,,,,,,,,,,,0|i000dr:,Tablero Sprint 2,,,,,,10049,IN-5,Invitaciones y Asignaciones,To Do,26/Mar/26 2:07 AM
Desasignar profesional de institucion,IN-59,10103,Story,Backlog,IN,Proyecto InclusiON,software,Mirko Ivo Wlk,5f5ac84710d187006f3f2792,,Medium,,Mirko Ivo Wlk,5f5ac84710d187006f3f2792,Mirko Ivo Wlk,5f5ac84710d187006f3f2792,Mirko Ivo Wlk,5f5ac84710d187006f3f2792,26/Mar/26 2:07 AM,06/Apr/26 2:49 AM,,,,0,Invitaciones y Asignaciones,,Mirko Ivo Wlk,5f5ac84710d187006f3f2792,,,,,,,,,,,,0|i000dj:,Tablero Sprint 2,,,,,,10049,IN-5,Invitaciones y Asignaciones,To Do,26/Mar/26 2:07 AM
Asignar profesional a institucion,IN-58,10102,Story,Backlog,IN,Proyecto InclusiON,software,Mirko Ivo Wlk,5f5ac84710d187006f3f2792,,Medium,,Mirko Ivo Wlk,5f5ac84710d187006f3f2792,Mirko Ivo Wlk,5f5ac84710d187006f3f2792,Mirko Ivo Wlk,5f5ac84710d187006f3f2792,26/Mar/26 2:07 AM,06/Apr/26 2:49 AM,,,,0,Invitaciones y Asignaciones,,Mirko Ivo Wlk,5f5ac84710d187006f3f2792,,,,,,,,,,,,0|i000db:,Tablero Sprint 2,,,,,,10049,IN-5,Invitaciones y Asignaciones,To Do,26/Mar/26 2:07 AM
Consulta de invitaciones por admin,IN-57,10101,Story,Backlog,IN,Proyecto InclusiON,software,Mirko Ivo Wlk,5f5ac84710d187006f3f2792,,Medium,,Mirko Ivo Wlk,5f5ac84710d187006f3f2792,Mirko Ivo Wlk,5f5ac84710d187006f3f2792,Mirko Ivo Wlk,5f5ac84710d187006f3f2792,26/Mar/26 2:07 AM,06/Apr/26 2:49 AM,,,,0,Invitaciones y Asignaciones,,Mirko Ivo Wlk,5f5ac84710d187006f3f2792,,,,,,,,,,,,0|i000d3:,Tablero Sprint 2,,,,,,10049,IN-5,Invitaciones y Asignaciones,To Do,26/Mar/26 2:07 AM
Consulta de invitaciones por profesional,IN-56,10100,Story,Backlog,IN,Proyecto InclusiON,software,Mirko Ivo Wlk,5f5ac84710d187006f3f2792,,Medium,,Mirko Ivo Wlk,5f5ac84710d187006f3f2792,Mirko Ivo Wlk,5f5ac84710d187006f3f2792,Mirko Ivo Wlk,5f5ac84710d187006f3f2792,26/Mar/26 2:07 AM,06/Apr/26 2:49 AM,,,,0,Invitaciones y Asignaciones,,Mirko Ivo Wlk,5f5ac84710d187006f3f2792,,,,,,,,,,,,0|i000cv:,Tablero Sprint 2,,,,,,10049,IN-5,Invitaciones y Asignaciones,To Do,26/Mar/26 2:07 AM
Aceptacion y registro automatico de invitacion,IN-55,10099,Story,Backlog,IN,Proyecto InclusiON,software,Mirko Ivo Wlk,5f5ac84710d187006f3f2792,,Medium,,Mirko Ivo Wlk,5f5ac84710d187006f3f2792,Mirko Ivo Wlk,5f5ac84710d187006f3f2792,Mirko Ivo Wlk,5f5ac84710d187006f3f2792,26/Mar/26 2:07 AM,06/Apr/26 2:49 AM,,,,0,Invitaciones y Asignaciones,,Mirko Ivo Wlk,5f5ac84710d187006f3f2792,,,,,,,,,,,,0|i000cn:,Tablero Sprint 2,,,,,,10049,IN-5,Invitaciones y Asignaciones,To Do,26/Mar/26 2:07 AM
Validacion de codigo de invitacion,IN-54,10098,Story,Backlog,IN,Proyecto InclusiON,software,Mirko Ivo Wlk,5f5ac84710d187006f3f2792,,Medium,,Mirko Ivo Wlk,5f5ac84710d187006f3f2792,Mirko Ivo Wlk,5f5ac84710d187006f3f2792,Mirko Ivo Wlk,5f5ac84710d187006f3f2792,26/Mar/26 2:07 AM,06/Apr/26 2:49 AM,,,,0,Invitaciones y Asignaciones,,Mirko Ivo Wlk,5f5ac84710d187006f3f2792,,,,,,,,,,,,0|i000cf:,Tablero Sprint 2,,,,,,10049,IN-5,Invitaciones y Asignaciones,To Do,26/Mar/26 2:07 AM
Crear invitacion y enviar email,IN-53,10097,Story,Backlog,IN,Proyecto InclusiON,software,Mirko Ivo Wlk,5f5ac84710d187006f3f2792,,Medium,,Mirko Ivo Wlk,5f5ac84710d187006f3f2792,Mirko Ivo Wlk,5f5ac84710d187006f3f2792,Mirko Ivo Wlk,5f5ac84710d187006f3f2792,26/Mar/26 2:07 AM,06/Apr/26 2:49 AM,,,,0,Invitaciones y Asignaciones,,Mirko Ivo Wlk,5f5ac84710d187006f3f2792,,,,,,,,,,,,0|i000c7:,Tablero Sprint 2,,,,,,10049,IN-5,Invitaciones y Asignaciones,To Do,26/Mar/26 2:07 AM
Envio de email con contrasena temporal en alta directa de familiar,IN-52,10096,Story,Backlog,IN,Proyecto InclusiON,software,Mirko Ivo Wlk,5f5ac84710d187006f3f2792,,Medium,,Mirko Ivo Wlk,5f5ac84710d187006f3f2792,Mirko Ivo Wlk,5f5ac84710d187006f3f2792,Mirko Ivo Wlk,5f5ac84710d187006f3f2792,26/Mar/26 2:07 AM,06/Apr/26 2:45 AM,,,,0,Gestion de Usuarios,,Mirko Ivo Wlk,5f5ac84710d187006f3f2792,,,,,,,,,,,,0|i000eu:zzr,Tablero Sprint 2,,,,,,10048,IN-4,Gestion de Usuarios,To Do,26/Mar/26 2:07 AM
Vinculacion automatica persona-familiar en alta directa,IN-51,10095,Story,Backlog,IN,Proyecto InclusiON,software,Mirko Ivo Wlk,5f5ac84710d187006f3f2792,,Medium,,Mirko Ivo Wlk,5f5ac84710d187006f3f2792,Mirko Ivo Wlk,5f5ac84710d187006f3f2792,Mirko Ivo Wlk,5f5ac84710d187006f3f2792,26/Mar/26 2:07 AM,06/Apr/26 2:45 AM,,,,0,Gestion de Usuarios,,Mirko Ivo Wlk,5f5ac84710d187006f3f2792,,,,,,,,,,,,0|i000eu:zzi,Tablero Sprint 2,,,,,,10048,IN-4,Gestion de Usuarios,To Do,26/Mar/26 2:07 AM
Desactivacion de familiar,IN-50,10094,Story,Backlog,IN,Proyecto InclusiON,software,Mirko Ivo Wlk,5f5ac84710d187006f3f2792,,Medium,,Mirko Ivo Wlk,5f5ac84710d187006f3f2792,Mirko Ivo Wlk,5f5ac84710d187006f3f2792,Mirko Ivo Wlk,5f5ac84710d187006f3f2792,26/Mar/26 2:07 AM,06/Apr/26 2:45 AM,,,,0,Gestion de Usuarios,,Mirko Ivo Wlk,5f5ac84710d187006f3f2792,,,,,,,,,,,,0|i000eu:zz,Tablero Sprint 2,,,,,,10048,IN-4,Gestion de Usuarios,To Do,26/Mar/26 2:07 AM
Edicion de familiar,IN-49,10093,Story,Backlog,IN,Proyecto InclusiON,software,Mirko Ivo Wlk,5f5ac84710d187006f3f2792,,Medium,,Mirko Ivo Wlk,5f5ac84710d187006f3f2792,Mirko Ivo Wlk,5f5ac84710d187006f3f2792,Mirko Ivo Wlk,5f5ac84710d187006f3f2792,26/Mar/26 2:07 AM,06/Apr/26 2:45 AM,,,,0,Gestion de Usuarios,,Mirko Ivo Wlk,5f5ac84710d187006f3f2792,,,,,,,,,,,,0|i000eu:zy,Tablero Sprint 2,,,,,,10048,IN-4,Gestion de Usuarios,To Do,26/Mar/26 2:07 AM
Detalle de familiar con personas vinculadas,IN-48,10092,Story,Backlog,IN,Proyecto InclusiON,software,Mirko Ivo Wlk,5f5ac84710d187006f3f2792,,Medium,,Mirko Ivo Wlk,5f5ac84710d187006f3f2792,Mirko Ivo Wlk,5f5ac84710d187006f3f2792,Mirko Ivo Wlk,5f5ac84710d187006f3f2792,26/Mar/26 2:07 AM,06/Apr/26 2:45 AM,,,,0,Gestion de Usuarios,,Mirko Ivo Wlk,5f5ac84710d187006f3f2792,,,,,,,,,,,,0|i000eu:zx,Tablero Sprint 2,,,,,,10048,IN-4,Gestion de Usuarios,To Do,26/Mar/26 2:07 AM
Consulta paginada de familiares con columna Familiar de,IN-47,10091,Story,Backlog,IN,Proyecto InclusiON,software,Mirko Ivo Wlk,5f5ac84710d187006f3f2792,,Medium,,Mirko Ivo Wlk,5f5ac84710d187006f3f2792,Mirko Ivo Wlk,5f5ac84710d187006f3f2792,Mirko Ivo Wlk,5f5ac84710d187006f3f2792,26/Mar/26 2:07 AM,06/Apr/26 2:45 AM,,,,0,Gestion de Usuarios,,Mirko Ivo Wlk,5f5ac84710d187006f3f2792,,,,,,,,,,,,0|i000eu:zv,Tablero Sprint 2,,,,,,10048,IN-4,Gestion de Usuarios,To Do,26/Mar/26 2:07 AM
Alta de familiar por invitacion (auto-registro),IN-46,10090,Story,Backlog,IN,Proyecto InclusiON,software,Mirko Ivo Wlk,5f5ac84710d187006f3f2792,,Medium,,Mirko Ivo Wlk,5f5ac84710d187006f3f2792,Mirko Ivo Wlk,5f5ac84710d187006f3f2792,Mirko Ivo Wlk,5f5ac84710d187006f3f2792,26/Mar/26 2:07 AM,06/Apr/26 2:45 AM,,,,0,Gestion de Usuarios,,Mirko Ivo Wlk,5f5ac84710d187006f3f2792,,,,,,,,,,,,0|i000eu:zr,Tablero Sprint 2,,,,,,10048,IN-4,Gestion de Usuarios,To Do,26/Mar/26 2:07 AM
Alta directa de familiar con selector de persona,IN-45,10089,Story,Backlog,IN,Proyecto InclusiON,software,Mirko Ivo Wlk,5f5ac84710d187006f3f2792,,Medium,,Mirko Ivo Wlk,5f5ac84710d187006f3f2792,Mirko Ivo Wlk,5f5ac84710d187006f3f2792,Mirko Ivo Wlk,5f5ac84710d187006f3f2792,26/Mar/26 2:07 AM,06/Apr/26 2:45 AM,,,,0,Gestion de Usuarios,,Mirko Ivo Wlk,5f5ac84710d187006f3f2792,,,,,,,,,,,,0|i000eu:zi,Tablero Sprint 2,,,,,,10048,IN-4,Gestion de Usuarios,To Do,26/Mar/26 2:07 AM
Desactivacion de persona (soft-delete + revocacion de tokens),IN-44,10088,Story,Backlog,IN,Proyecto InclusiON,software,Mirko Ivo Wlk,5f5ac84710d187006f3f2792,,Medium,,Mirko Ivo Wlk,5f5ac84710d187006f3f2792,Mirko Ivo Wlk,5f5ac84710d187006f3f2792,Mirko Ivo Wlk,5f5ac84710d187006f3f2792,26/Mar/26 2:07 AM,06/Apr/26 2:45 AM,,,,0,Gestion de Usuarios,,Mirko Ivo Wlk,5f5ac84710d187006f3f2792,,,,,,,,,,,,0|i000eu:z,Tablero Sprint 2,,,,,,10048,IN-4,Gestion de Usuarios,To Do,26/Mar/26 2:07 AM
Configuracion del metodo de login con confirm popup,IN-43,10087,Story,Backlog,IN,Proyecto InclusiON,software,Mirko Ivo Wlk,5f5ac84710d187006f3f2792,,Medium,,Mirko Ivo Wlk,5f5ac84710d187006f3f2792,Mirko Ivo Wlk,5f5ac84710d187006f3f2792,Mirko Ivo Wlk,5f5ac84710d187006f3f2792,26/Mar/26 2:07 AM,06/Apr/26 2:45 AM,,,,0,Gestion de Usuarios,,Mirko Ivo Wlk,5f5ac84710d187006f3f2792,,,,,,,,,,,,0|i000eu:y,Tablero Sprint 2,,,,,,10048,IN-4,Gestion de Usuarios,To Do,26/Mar/26 2:07 AM
Edicion de datos personales y funcionales de persona,IN-42,10086,Story,Backlog,IN,Proyecto InclusiON,software,Mirko Ivo Wlk,5f5ac84710d187006f3f2792,,Medium,,Mirko Ivo Wlk,5f5ac84710d187006f3f2792,Mirko Ivo Wlk,5f5ac84710d187006f3f2792,Mirko Ivo Wlk,5f5ac84710d187006f3f2792,26/Mar/26 2:07 AM,06/Apr/26 2:45 AM,,,,0,Gestion de Usuarios,,Mirko Ivo Wlk,5f5ac84710d187006f3f2792,,,,,,,,,,,,0|i000eu:x,Tablero Sprint 2,,,,,,10048,IN-4,Gestion de Usuarios,To Do,26/Mar/26 2:07 AM
Consulta paginada de personas con filtros,IN-41,10085,Story,Backlog,IN,Proyecto InclusiON,software,Mirko Ivo Wlk,5f5ac84710d187006f3f2792,,Medium,,Mirko Ivo Wlk,5f5ac84710d187006f3f2792,Mirko Ivo Wlk,5f5ac84710d187006f3f2792,Mirko Ivo Wlk,5f5ac84710d187006f3f2792,26/Mar/26 2:07 AM,06/Apr/26 2:45 AM,,,,0,Gestion de Usuarios,,Mirko Ivo Wlk,5f5ac84710d187006f3f2792,,,,,,,,,,,,0|i000eu:v,Tablero Sprint 2,,,,,,10048,IN-4,Gestion de Usuarios,To Do,26/Mar/26 2:07 AM
Alta de persona con perfil funcional,IN-40,10084,Story,Backlog,IN,Proyecto InclusiON,software,Mirko Ivo Wlk,5f5ac84710d187006f3f2792,,Medium,,Mirko Ivo Wlk,5f5ac84710d187006f3f2792,Mirko Ivo Wlk,5f5ac84710d187006f3f2792,Mirko Ivo Wlk,5f5ac84710d187006f3f2792,26/Mar/26 2:07 AM,06/Apr/26 2:45 AM,,,,0,Gestion de Usuarios,,Mirko Ivo Wlk,5f5ac84710d187006f3f2792,,,,,,,,,,,,0|i000eu:r,Tablero Sprint 2,,,,,,10048,IN-4,Gestion de Usuarios,To Do,26/Mar/26 2:07 AM
Desactivacion de profesional,IN-39,10083,Story,Backlog,IN,Proyecto InclusiON,software,Mirko Ivo Wlk,5f5ac84710d187006f3f2792,,Medium,,Mirko Ivo Wlk,5f5ac84710d187006f3f2792,Mirko Ivo Wlk,5f5ac84710d187006f3f2792,Mirko Ivo Wlk,5f5ac84710d187006f3f2792,26/Mar/26 2:07 AM,06/Apr/26 2:45 AM,,,,0,Gestion de Usuarios,,Mirko Ivo Wlk,5f5ac84710d187006f3f2792,,,,,,,,,,,,0|i000eu:i,Tablero Sprint 2,,,,,,10048,IN-4,Gestion de Usuarios,To Do,26/Mar/26 2:07 AM
Edicion de profesional,IN-38,10082,Story,Backlog,IN,Proyecto InclusiON,software,Mirko Ivo Wlk,5f5ac84710d187006f3f2792,,Medium,,Mirko Ivo Wlk,5f5ac84710d187006f3f2792,Mirko Ivo Wlk,5f5ac84710d187006f3f2792,Mirko Ivo Wlk,5f5ac84710d187006f3f2792,26/Mar/26 2:07 AM,06/Apr/26 2:45 AM,,,,0,Gestion de Usuarios,,Mirko Ivo Wlk,5f5ac84710d187006f3f2792,,,,,,,,,,,,0|i000eu:,Tablero Sprint 2,,,,,,10048,IN-4,Gestion de Usuarios,To Do,26/Mar/26 2:07 AM
Consulta paginada de profesionales con filtros,IN-37,10081,Story,Backlog,IN,Proyecto InclusiON,software,Mirko Ivo Wlk,5f5ac84710d187006f3f2792,,Medium,,Mirko Ivo Wlk,5f5ac84710d187006f3f2792,Mirko Ivo Wlk,5f5ac84710d187006f3f2792,Mirko Ivo Wlk,5f5ac84710d187006f3f2792,26/Mar/26 2:07 AM,06/Apr/26 2:45 AM,,,,0,Gestion de Usuarios,,Mirko Ivo Wlk,5f5ac84710d187006f3f2792,,,,,,,,,,,,0|i000et:,Tablero Sprint 2,,,,,,10048,IN-4,Gestion de Usuarios,To Do,26/Mar/26 2:07 AM
Alta de profesional con contrasena temporal y envio de email,IN-36,10080,Story,Backlog,IN,Proyecto InclusiON,software,Mirko Ivo Wlk,5f5ac84710d187006f3f2792,,Medium,,Mirko Ivo Wlk,5f5ac84710d187006f3f2792,Mirko Ivo Wlk,5f5ac84710d187006f3f2792,Mirko Ivo Wlk,5f5ac84710d187006f3f2792,26/Mar/26 2:07 AM,06/Apr/26 2:45 AM,,,,0,Gestion de Usuarios,,Mirko Ivo Wlk,5f5ac84710d187006f3f2792,,,,,,,,,,,,0|i000er:,Tablero Sprint 2,,,,,,10048,IN-4,Gestion de Usuarios,To Do,26/Mar/26 2:07 AM
Edicion de items en catalogo,IN-35,10079,Story,Backlog,IN,Proyecto InclusiON,software,Mirko Ivo Wlk,5f5ac84710d187006f3f2792,,Medium,,Mirko Ivo Wlk,5f5ac84710d187006f3f2792,Mirko Ivo Wlk,5f5ac84710d187006f3f2792,Mirko Ivo Wlk,5f5ac84710d187006f3f2792,26/Mar/26 2:07 AM,06/Apr/26 2:45 AM,,,,0,Configuracion del Sistema,,Mirko Ivo Wlk,5f5ac84710d187006f3f2792,,,,,,,,,,,,0|i00087:,Sprint 1 (Config de sistema),,,,,,10048,IN-4,Gestion de Usuarios,To Do,26/Mar/26 2:07 AM
Alta de items en catalogo,IN-34,10078,Story,Backlog,IN,Proyecto InclusiON,software,Mirko Ivo Wlk,5f5ac84710d187006f3f2792,,Medium,,Mirko Ivo Wlk,5f5ac84710d187006f3f2792,Mirko Ivo Wlk,5f5ac84710d187006f3f2792,Mirko Ivo Wlk,5f5ac84710d187006f3f2792,26/Mar/26 2:07 AM,06/Apr/26 2:45 AM,,,,0,Configuracion del Sistema,,Mirko Ivo Wlk,5f5ac84710d187006f3f2792,,,,,,,,,,,,0|i0007z:,Sprint 1 (Config de sistema),,,,,,10048,IN-4,Gestion de Usuarios,To Do,26/Mar/26 2:07 AM
Consulta de catalogos (6 tipos),IN-33,10077,Story,Backlog,IN,Proyecto InclusiON,software,Mirko Ivo Wlk,5f5ac84710d187006f3f2792,,Medium,,Mirko Ivo Wlk,5f5ac84710d187006f3f2792,Mirko Ivo Wlk,5f5ac84710d187006f3f2792,Mirko Ivo Wlk,5f5ac84710d187006f3f2792,26/Mar/26 2:07 AM,06/Apr/26 2:45 AM,,,,0,Configuracion del Sistema,,Mirko Ivo Wlk,5f5ac84710d187006f3f2792,,,,,,,,,,,,0|i0007r:,Sprint 1 (Config de sistema),,,,,,10048,IN-4,Gestion de Usuarios,To Do,26/Mar/26 2:07 AM
Invalidacion correcta de cache de permisos,IN-32,10076,Story,Backlog,IN,Proyecto InclusiON,software,Mirko Ivo Wlk,5f5ac84710d187006f3f2792,,Medium,,Mirko Ivo Wlk,5f5ac84710d187006f3f2792,Mirko Ivo Wlk,5f5ac84710d187006f3f2792,Mirko Ivo Wlk,5f5ac84710d187006f3f2792,26/Mar/26 2:07 AM,06/Apr/26 2:45 AM,,,,0,Configuracion del Sistema,,Mirko Ivo Wlk,5f5ac84710d187006f3f2792,,,,,,,,,,,,0|i0007j:,Sprint 1 (Config de sistema),,,,,,10048,IN-4,Gestion de Usuarios,To Do,26/Mar/26 2:07 AM
Revocacion de tokens al cambiar permisos de un rol,IN-31,10075,Story,Backlog,IN,Proyecto InclusiON,software,Mirko Ivo Wlk,5f5ac84710d187006f3f2792,,Medium,,Mirko Ivo Wlk,5f5ac84710d187006f3f2792,Mirko Ivo Wlk,5f5ac84710d187006f3f2792,Mirko Ivo Wlk,5f5ac84710d187006f3f2792,26/Mar/26 2:07 AM,06/Apr/26 2:45 AM,,,,0,Configuracion del Sistema,,Mirko Ivo Wlk,5f5ac84710d187006f3f2792,,,,,,,,,,,,0|i0007b:,Sprint 1 (Config de sistema),,,,,,10048,IN-4,Gestion de Usuarios,To Do,26/Mar/26 2:07 AM
Confirmacion al guardar permisos con aviso de cierre de sesiones,IN-30,10074,Story,Backlog,IN,Proyecto InclusiON,software,Mirko Ivo Wlk,5f5ac84710d187006f3f2792,,Medium,,Mirko Ivo Wlk,5f5ac84710d187006f3f2792,Mirko Ivo Wlk,5f5ac84710d187006f3f2792,Mirko Ivo Wlk,5f5ac84710d187006f3f2792,26/Mar/26 2:07 AM,06/Apr/26 2:45 AM,,,,0,Configuracion del Sistema,,Mirko Ivo Wlk,5f5ac84710d187006f3f2792,,,,,,,,,,,,0|i00073:,Sprint 1 (Config de sistema),,,,,,10048,IN-4,Gestion de Usuarios,To Do,26/Mar/26 2:07 AM
Enforcement de aislamiento por institucion (InstitutionAccessFilter),IN-29,10073,Story,Backlog,IN,Proyecto InclusiON,software,Mirko Ivo Wlk,5f5ac84710d187006f3f2792,,Medium,,Mirko Ivo Wlk,5f5ac84710d187006f3f2792,Mirko Ivo Wlk,5f5ac84710d187006f3f2792,Mirko Ivo Wlk,5f5ac84710d187006f3f2792,26/Mar/26 2:07 AM,06/Apr/26 2:45 AM,,,,0,Configuracion del Sistema,,Mirko Ivo Wlk,5f5ac84710d187006f3f2792,,,,,,,,,,,,0|i0006v:,Sprint 1 (Config de sistema),,,,,,10048,IN-4,Gestion de Usuarios,To Do,26/Mar/26 2:07 AM
Filtrado de datos por institucion,IN-28,10072,Story,Backlog,IN,Proyecto InclusiON,software,Mirko Ivo Wlk,5f5ac84710d187006f3f2792,,Medium,,Mirko Ivo Wlk,5f5ac84710d187006f3f2792,Mirko Ivo Wlk,5f5ac84710d187006f3f2792,Mirko Ivo Wlk,5f5ac84710d187006f3f2792,26/Mar/26 2:07 AM,06/Apr/26 2:45 AM,,,,0,Configuracion del Sistema,,Mirko Ivo Wlk,5f5ac84710d187006f3f2792,,,,,,,,,,,,0|i0006n:,Sprint 1 (Config de sistema),,,,,,10048,IN-4,Gestion de Usuarios,To Do,26/Mar/26 2:07 AM
Asignacion de instituciones a admins,IN-27,10071,Story,Backlog,IN,Proyecto InclusiON,software,Mirko Ivo Wlk,5f5ac84710d187006f3f2792,,Medium,,Mirko Ivo Wlk,5f5ac84710d187006f3f2792,Mirko Ivo Wlk,5f5ac84710d187006f3f2792,Mirko Ivo Wlk,5f5ac84710d187006f3f2792,26/Mar/26 2:07 AM,06/Apr/26 2:45 AM,,,,0,Configuracion del Sistema,,Mirko Ivo Wlk,5f5ac84710d187006f3f2792,,,,,,,,,,,,0|i0006f:,Sprint 1 (Config de sistema),,,,,,10048,IN-4,Gestion de Usuarios,To Do,26/Mar/26 2:07 AM
Creacion de administradores institucionales,IN-26,10070,Story,Backlog,IN,Proyecto InclusiON,software,Mirko Ivo Wlk,5f5ac84710d187006f3f2792,,Medium,,Mirko Ivo Wlk,5f5ac84710d187006f3f2792,Mirko Ivo Wlk,5f5ac84710d187006f3f2792,Mirko Ivo Wlk,5f5ac84710d187006f3f2792,26/Mar/26 2:07 AM,06/Apr/26 2:45 AM,,,,0,Configuracion del Sistema,,Mirko Ivo Wlk,5f5ac84710d187006f3f2792,,,,,,,,,,,,0|i00067:,Sprint 1 (Config de sistema),,,,,,10048,IN-4,Gestion de Usuarios,To Do,26/Mar/26 2:07 AM
Asignacion de permisos por modulo,IN-25,10069,Story,Backlog,IN,Proyecto InclusiON,software,Mirko Ivo Wlk,5f5ac84710d187006f3f2792,,Medium,,Mirko Ivo Wlk,5f5ac84710d187006f3f2792,Mirko Ivo Wlk,5f5ac84710d187006f3f2792,Mirko Ivo Wlk,5f5ac84710d187006f3f2792,26/Mar/26 2:07 AM,06/Apr/26 2:45 AM,,,,0,Configuracion del Sistema,,Mirko Ivo Wlk,5f5ac84710d187006f3f2792,,,,,,,,,,,,0|i0005z:,Sprint 1 (Config de sistema),,,,,,10048,IN-4,Gestion de Usuarios,To Do,26/Mar/26 2:07 AM
Consulta de roles,IN-24,10068,Story,Backlog,IN,Proyecto InclusiON,software,Mirko Ivo Wlk,5f5ac84710d187006f3f2792,,Medium,,Mirko Ivo Wlk,5f5ac84710d187006f3f2792,Mirko Ivo Wlk,5f5ac84710d187006f3f2792,Mirko Ivo Wlk,5f5ac84710d187006f3f2792,26/Mar/26 2:07 AM,06/Apr/26 2:45 AM,06/Apr/26 2:40 AM,,,0,Configuracion del Sistema,,Mirko Ivo Wlk,5f5ac84710d187006f3f2792,,,,,,,,,,,,0|i0005r:,Sprint 1 (Config de sistema),,,,,,10048,IN-4,Gestion de Usuarios,To Do,26/Mar/26 2:07 AM
Edicion de institucion,IN-23,10067,Story,Backlog,IN,Proyecto InclusiON,software,Mirko Ivo Wlk,5f5ac84710d187006f3f2792,,Medium,,Mirko Ivo Wlk,5f5ac84710d187006f3f2792,Mirko Ivo Wlk,5f5ac84710d187006f3f2792,Mirko Ivo Wlk,5f5ac84710d187006f3f2792,26/Mar/26 2:07 AM,06/Apr/26 2:45 AM,06/Apr/26 2:15 AM,,,0,Configuracion del Sistema,,Mirko Ivo Wlk,5f5ac84710d187006f3f2792,,,,,,,,,,,,0|i0005j:,Sprint 1 (Config de sistema),,,,,,10048,IN-4,Gestion de Usuarios,To Do,26/Mar/26 2:07 AM
Consulta de instituciones,IN-22,10066,Story,Backlog,IN,Proyecto InclusiON,software,Mirko Ivo Wlk,5f5ac84710d187006f3f2792,,Medium,,Mirko Ivo Wlk,5f5ac84710d187006f3f2792,Mirko Ivo Wlk,5f5ac84710d187006f3f2792,Mirko Ivo Wlk,5f5ac84710d187006f3f2792,26/Mar/26 2:07 AM,06/Apr/26 2:45 AM,06/Apr/26 2:14 AM,,,0,Configuracion del Sistema,,Mirko Ivo Wlk,5f5ac84710d187006f3f2792,,,,,,,,,,,,0|i0005b:,Sprint 1 (Config de sistema),,,,,,10048,IN-4,Gestion de Usuarios,To Do,26/Mar/26 2:07 AM
Alta de institucion,IN-21,10065,Story,Backlog,IN,Proyecto InclusiON,software,Mirko Ivo Wlk,5f5ac84710d187006f3f2792,,Medium,,Mirko Ivo Wlk,5f5ac84710d187006f3f2792,Mirko Ivo Wlk,5f5ac84710d187006f3f2792,Mirko Ivo Wlk,5f5ac84710d187006f3f2792,26/Mar/26 2:07 AM,06/Apr/26 2:45 AM,06/Apr/26 2:14 AM,,,0,Configuracion del Sistema,,Mirko Ivo Wlk,5f5ac84710d187006f3f2792,,,,,,,,,,,,0|i00053:,Sprint 1 (Config de sistema),,,,,,10048,IN-4,Gestion de Usuarios,To Do,26/Mar/26 2:07 AM
Modelo de datos base iniciales,IN-20,10064,Story,Backlog,IN,Proyecto InclusiON,software,Mirko Ivo Wlk,5f5ac84710d187006f3f2792,,Medium,,,,Mirko Ivo Wlk,5f5ac84710d187006f3f2792,Mirko Ivo Wlk,5f5ac84710d187006f3f2792,26/Mar/26 2:07 AM,06/Apr/26 12:56 AM,,,,0,Sprint 0 — Arranque,,Mirko Ivo Wlk,5f5ac84710d187006f3f2792,,,,,,,,,,,,0|i0004v:,Tablero Sprint 0,,,,,,10046,IN-2,Planificación del inicio,To Do,26/Mar/26 2:07 AM
Seleccion de plataforma tecnologica ,IN-19,10063,Story,Backlog,IN,Proyecto InclusiON,software,Mirko Ivo Wlk,5f5ac84710d187006f3f2792,,Medium,,,,Mirko Ivo Wlk,5f5ac84710d187006f3f2792,Mirko Ivo Wlk,5f5ac84710d187006f3f2792,26/Mar/26 2:07 AM,06/Apr/26 12:56 AM,30/Mar/26 10:07 AM,,,0,"Sprint 0 — Arranque



.NET 8, Angular, SQL Server",,Mirko Ivo Wlk,5f5ac84710d187006f3f2792,,,,,,,,,,,,0|i0004n:,Tablero Sprint 0,,,,,,10046,IN-2,Planificación del inicio,To Do,26/Mar/26 2:07 AM
"Definicion de ceremonias Scrum (Daily, Planning, Review, Retro)",IN-18,10062,Story,Backlog,IN,Proyecto InclusiON,software,Mirko Ivo Wlk,5f5ac84710d187006f3f2792,,Medium,,,,Mirko Ivo Wlk,5f5ac84710d187006f3f2792,Mirko Ivo Wlk,5f5ac84710d187006f3f2792,26/Mar/26 2:07 AM,06/Apr/26 12:56 AM,,,,0,Sprint 0 — Arranque,,Mirko Ivo Wlk,5f5ac84710d187006f3f2792,,,,,,,,,,,,0|i0004f:,Tablero Sprint 0,,,,,,10046,IN-2,Planificación del inicio,To Do,26/Mar/26 2:07 AM
Elaboracion del Product Backlog inicial,IN-17,10061,Story,Backlog,IN,Proyecto InclusiON,software,Mirko Ivo Wlk,5f5ac84710d187006f3f2792,,Medium,,,,Mirko Ivo Wlk,5f5ac84710d187006f3f2792,Mirko Ivo Wlk,5f5ac84710d187006f3f2792,26/Mar/26 2:07 AM,06/Apr/26 12:56 AM,,,,0,Sprint 0 — Arranque,,Mirko Ivo Wlk,5f5ac84710d187006f3f2792,,,,,,,,,,,,0|i00047:,Tablero Sprint 0,,,,,,10046,IN-2,Planificación del inicio,To Do,26/Mar/26 2:07 AM
"Creacion de repositorios GitHub (inclusion-server, inclusion-client)",IN-16,10060,Story,Backlog,IN,Proyecto InclusiON,software,Mirko Ivo Wlk,5f5ac84710d187006f3f2792,,Medium,,,,Mirko Ivo Wlk,5f5ac84710d187006f3f2792,Mirko Ivo Wlk,5f5ac84710d187006f3f2792,26/Mar/26 2:07 AM,06/Apr/26 12:56 AM,,,,0,Sprint 0 — Arranque,,Mirko Ivo Wlk,5f5ac84710d187006f3f2792,,,,,,,,,,,,0|i0003z:,Tablero Sprint 0,,,,,,10046,IN-2,Planificación del inicio,To Do,26/Mar/26 2:07 AM
"Eleccion y prueba de herramientas (Teams, GitHub, VS Code, Figma)",IN-15,10059,Story,Backlog,IN,Proyecto InclusiON,software,Mirko Ivo Wlk,5f5ac84710d187006f3f2792,,Medium,,,,Mirko Ivo Wlk,5f5ac84710d187006f3f2792,Mirko Ivo Wlk,5f5ac84710d187006f3f2792,26/Mar/26 2:07 AM,06/Apr/26 12:56 AM,,,,0,Sprint 0 — Arranque,,Mirko Ivo Wlk,5f5ac84710d187006f3f2792,,,,,,,,,,,,0|i0003r:,Tablero Sprint 0,,,,,,10046,IN-2,Planificación del inicio,To Do,26/Mar/26 2:07 AM
Definicion de roles del equipo,IN-14,10058,Story,Backlog,IN,Proyecto InclusiON,software,Mirko Ivo Wlk,5f5ac84710d187006f3f2792,,Medium,,,,Mirko Ivo Wlk,5f5ac84710d187006f3f2792,Mirko Ivo Wlk,5f5ac84710d187006f3f2792,26/Mar/26 2:07 AM,05/Apr/26 8:34 PM,26/Mar/26 9:32 PM,,,0,Sprint 0 — Arranque,,Mirko Ivo Wlk,5f5ac84710d187006f3f2792,,,,,,,,,,,,0|i0003j:,Tablero Sprint 0,,,,,,10046,IN-2,Planificación del inicio,To Do,26/Mar/26 2:07 AM
Mensajeria y Portal Familiar,IN-13,10057,Epic,Backlog,IN,Proyecto InclusiON,software,Mirko Ivo Wlk,5f5ac84710d187006f3f2792,,Medium,,,,Mirko Ivo Wlk,5f5ac84710d187006f3f2792,Mirko Ivo Wlk,5f5ac84710d187006f3f2792,26/Mar/26 2:06 AM,26/Mar/26 2:06 AM,,,,0,,,Mirko Ivo Wlk,5f5ac84710d187006f3f2792,,,,,,,,,,,,0|i0003b:,,,,,,,,,,To Do,26/Mar/26 2:06 AM
Motor Adaptativo (MDA) y Reportes,IN-12,10056,Epic,Backlog,IN,Proyecto InclusiON,software,Mirko Ivo Wlk,5f5ac84710d187006f3f2792,,Medium,,,,Mirko Ivo Wlk,5f5ac84710d187006f3f2792,Mirko Ivo Wlk,5f5ac84710d187006f3f2792,26/Mar/26 2:06 AM,26/Mar/26 2:06 AM,,,,0,,,Mirko Ivo Wlk,5f5ac84710d187006f3f2792,,,,,,,,,,,,0|i00033:,,,,,,,,,,To Do,26/Mar/26 2:06 AM
Resolucion de Actividades,IN-11,10055,Epic,Backlog,IN,Proyecto InclusiON,software,Mirko Ivo Wlk,5f5ac84710d187006f3f2792,,Medium,,,,Mirko Ivo Wlk,5f5ac84710d187006f3f2792,Mirko Ivo Wlk,5f5ac84710d187006f3f2792,26/Mar/26 2:06 AM,27/Mar/26 9:45 PM,03/Apr/26 1:42 AM,,,0,,,Mirko Ivo Wlk,5f5ac84710d187006f3f2792,,,,,,,,,,,,0|i0002v:,,,,,,,,,,To Do,26/Mar/26 2:06 AM
Plan de Trabajo (Roadmap),IN-10,10054,Epic,Backlog,IN,Proyecto InclusiON,software,Mirko Ivo Wlk,5f5ac84710d187006f3f2792,,Medium,,,,Mirko Ivo Wlk,5f5ac84710d187006f3f2792,Mirko Ivo Wlk,5f5ac84710d187006f3f2792,26/Mar/26 2:06 AM,26/Mar/26 2:06 AM,,,,0,,,Mirko Ivo Wlk,5f5ac84710d187006f3f2792,,,,,,,,,,,,0|i0002n:,,,,,,,,,,To Do,26/Mar/26 2:06 AM
Gestion de Actividades,IN-9,10053,Epic,Backlog,IN,Proyecto InclusiON,software,Mirko Ivo Wlk,5f5ac84710d187006f3f2792,,Medium,,,,Mirko Ivo Wlk,5f5ac84710d187006f3f2792,Mirko Ivo Wlk,5f5ac84710d187006f3f2792,26/Mar/26 2:06 AM,26/Mar/26 2:06 AM,,,,0,,,Mirko Ivo Wlk,5f5ac84710d187006f3f2792,,,,,,,,,,,,0|i0002f:,,,,,,,,,,To Do,26/Mar/26 2:06 AM
Administracion de Cuentas y Onboarding,IN-8,10052,Epic,Backlog,IN,Proyecto InclusiON,software,Mirko Ivo Wlk,5f5ac84710d187006f3f2792,,Medium,,,,Mirko Ivo Wlk,5f5ac84710d187006f3f2792,Mirko Ivo Wlk,5f5ac84710d187006f3f2792,26/Mar/26 2:06 AM,26/Mar/26 2:06 AM,,,,0,,,Mirko Ivo Wlk,5f5ac84710d187006f3f2792,,,,,,,,,,,,0|i00027:,,,,,,,,,,To Do,26/Mar/26 2:06 AM
"Evaluacion, Diagnostico y Dashboard",IN-7,10051,Epic,Backlog,IN,Proyecto InclusiON,software,Mirko Ivo Wlk,5f5ac84710d187006f3f2792,,Medium,,,,Mirko Ivo Wlk,5f5ac84710d187006f3f2792,Mirko Ivo Wlk,5f5ac84710d187006f3f2792,26/Mar/26 2:06 AM,26/Mar/26 2:06 AM,,,,0,,,Mirko Ivo Wlk,5f5ac84710d187006f3f2792,,,,,,,,,,,,0|i0001z:,,,,,,,,,,To Do,26/Mar/26 2:06 AM
Autenticacion y Accesibilidad,IN-6,10050,Epic,Backlog,IN,Proyecto InclusiON,software,Mirko Ivo Wlk,5f5ac84710d187006f3f2792,,Medium,,,,Mirko Ivo Wlk,5f5ac84710d187006f3f2792,Mirko Ivo Wlk,5f5ac84710d187006f3f2792,26/Mar/26 2:06 AM,26/Mar/26 2:06 AM,,,,0,,,Mirko Ivo Wlk,5f5ac84710d187006f3f2792,,,,,,,,,,,,0|i0001r:,,,,,,,,,,To Do,26/Mar/26 2:06 AM
Invitaciones y Asignaciones,IN-5,10049,Epic,Backlog,IN,Proyecto InclusiON,software,Mirko Ivo Wlk,5f5ac84710d187006f3f2792,,Medium,,,,Mirko Ivo Wlk,5f5ac84710d187006f3f2792,Mirko Ivo Wlk,5f5ac84710d187006f3f2792,26/Mar/26 2:06 AM,26/Mar/26 2:06 AM,,,,0,,,Mirko Ivo Wlk,5f5ac84710d187006f3f2792,,,,,,,,,,,,0|i0001j:,,,,,,,,,,To Do,26/Mar/26 2:06 AM
Gestion de Usuarios,IN-4,10048,Epic,Backlog,IN,Proyecto InclusiON,software,Mirko Ivo Wlk,5f5ac84710d187006f3f2792,,Medium,,,,Mirko Ivo Wlk,5f5ac84710d187006f3f2792,Mirko Ivo Wlk,5f5ac84710d187006f3f2792,26/Mar/26 2:06 AM,26/Mar/26 2:06 AM,,,,0,,,Mirko Ivo Wlk,5f5ac84710d187006f3f2792,,,,,,,,,,,,0|i0001b:,,,,,,,,,,To Do,26/Mar/26 2:06 AM
Configuracion del Sistema,IN-3,10047,Epic,Backlog,IN,Proyecto InclusiON,software,Mirko Ivo Wlk,5f5ac84710d187006f3f2792,,Medium,,,,Mirko Ivo Wlk,5f5ac84710d187006f3f2792,Mirko Ivo Wlk,5f5ac84710d187006f3f2792,26/Mar/26 2:06 AM,26/Mar/26 2:06 AM,,,,0,,,Mirko Ivo Wlk,5f5ac84710d187006f3f2792,,,,,,,,,,,,0|i00013:,,,,,,,,,,To Do,26/Mar/26 2:06 AM
Planificación del inicio,IN-2,10046,Epic,Backlog,IN,Proyecto InclusiON,software,Mirko Ivo Wlk,5f5ac84710d187006f3f2792,,Medium,,,,Mirko Ivo Wlk,5f5ac84710d187006f3f2792,Mirko Ivo Wlk,5f5ac84710d187006f3f2792,26/Mar/26 2:06 AM,27/Mar/26 9:46 PM,06/Apr/26 1:39 AM,,,0,,,Mirko Ivo Wlk,5f5ac84710d187006f3f2792,,,,,,,,,,,,0|i0000v:,,,,,,,,,,To Do,26/Mar/26 2:06 AM
